tmp_stat,tmp_prod
c1ccccc1SCC,O1B(OC(C)(C)C1(C)C)C=2C=CC=CC2SCC
C1CC1(C)C(=O)Nc1c(F)c(F)c(C(F)(F)F)c(F)c1F,O=C(NC1=C(F)C(F)=C(C(F)=C1F)C(F)(F)F)C2(C)CC2B3OC(C)(C)C(O3)(C)C
c1cc(C)nc2cc(C)ccc12,N=1C=2C=C(C=CC2C(=CC1C)B3OC(C)(C)C(O3)(C)C)C
c1ccc(C(F)(F)F)c(CNC(=O)OC(C)(C)C)c1,O=C(OC(C)(C)C)NCC1=CC(=CC=C1C(F)(F)F)B2OC(C)(C)C(O2)(C)C
c1cc(CC(=O)OCC)ccc1NC(=O)C(C)(C)C,O=C(OCC)CC1=CC=C(NC(=O)C(C)(C)C)C(=C1)B2OC(C)(C)C(O2)(C)C
c1ccc(N(C)c2ccccc2)cc1,O1B(OC(C)(C)C1(C)C)C2=CC=C(C=C2)N(C=3C=CC=CC3)C
c1cc(CC)ccc1C=O,O=CC1=CC=C(C=C1B2OC(C)(C)C(O2)(C)C)CC
c1ccc(CCCNC(=O)C(F)(F)F)c(OC)c1,O=C(NCCCC1=CC=C(C=C1OC)B2OC(C)(C)C(O2)(C)C)C(F)(F)F
c1cc(C#N)cc(C=O)c1,N#CC=1C=C(C=O)C=C(C1)B2OC(C)(C)C(O2)(C)C
CCOCCCC,O1B(OC(C)(C)C1(C)C)CCOCCCC
c1ccc(C)cc1SC,O1B(OC(C)(C)C1(C)C)C2=CC=C(C=C2SC)C
C1CCC1C(=O)Nc1c(F)c(F)c(C(F)(F)F)c(F)c1F,O=C(NC1=C(F)C(F)=C(C(F)=C1F)C(F)(F)F)C2CCC2B3OC(C)(C)C(O3)(C)C
c1c(Cl)cc(Cl)cc1Cl,ClC=1C=C(Cl)C(B2OC(C)(C)C(O2)(C)C)=C(Cl)C1
c1c[nH]c2cnccc12,N=1C=CC2=C(C1)NC=C2B3OC(C)(C)C(O3)(C)C
c1ccc(C(=O)OC)c(C)c1,O=C(OC)C1=CC=C(C=C1C)B2OC(C)(C)C(O2)(C)C
c1cc(C(C)(C)C)ccc1Cl,ClC1=CC=C(C=C1B2OC(C)(C)C(O2)(C)C)C(C)(C)C
c1cc(O[Si](C)(C)C(C)(C)C)cc2ccn(C(=O)C(C)(C)C)c12,O=C(N1C=CC=2C=C(O[Si](C)(C)C(C)(C)C)C=C(B3OC(C)(C)C(O3)(C)C)C21)C(C)(C)C
CC(C)c1ccc2c(c1)CCC1C(CO)(C(=O)Nc3c(F)c(F)c(C(F)(F)F)c(F)c3F)CCCC21C,O=C(NC1=C(F)C(F)=C(C(F)=C1F)C(F)(F)F)C2(CO)CCCC3(C4=CC=C(C=C4CCC32)C(C)C)C
c1cccc(C(=O)N2CCCCCC2)c1,O=C(C=1C=CC=C(C1)B2OC(C)(C)C(O2)(C)C)N3CCCCCC3
c1cccc(C(=O)N(CCCCCC)CCCCCC)c1,O=C(C=1C=CC=C(C1)B2OC(C)(C)C(O2)(C)C)N(CCCCCC)CCCCCC
c1ccc(OC)cc1F,FC1=CC(OC)=CC=C1B2OC(C)(C)C(O2)(C)C
c1ccc(C(=O)OCC)c(C)c1,O=C(OCC)C1=CC=C(C=C1C)B2OC(C)(C)C(O2)(C)C
c1ccccc1NC(=O)C(C)(C)C,O=C(NC=1C=CC=CC1B2OC(C)(C)C(O2)(C)C)C(C)(C)C
c1cccc(-c2ccccc2C)c1F,FC=1C(=CC=CC1C=2C=CC=CC2C)B3OC(C)(C)C(O3)(C)C
c1cc(OC)ccc1C(=O)NCc1ccccc1,O=C(NCC=1C=CC=CC1)C2=CC=C(OC)C=C2B3OC(C)(C)C(O3)(C)C
c1cccc2cc([Si](C)(C)C)[nH]c12,O1B(OC(C)(C)C1(C)C)C2=CC=CC=3C=C(NC32)[Si](C)(C)C
c1cc(F)c(CCCNC(=O)C(F)(F)F)cc1F,O=C(NCCCC=1C=C(F)C(=CC1F)B2OC(C)(C)C(O2)(C)C)C(F)(F)F
c1c(F)ccc2c1c(C(=O)C(C)(C)C)cn2S(=O)(=O)c1ccc(C)cc1,O=C(C1=CN(C2=CC=C(F)C(B3OC(C)(C)C(O3)(C)C)=C12)S(=O)(=O)C4=CC=C(C=C4)C)C(C)(C)C
c1ccc(-c2ccccc2)cc1F,FC=1C=C(C=CC1B2OC(C)(C)C(O2)(C)C)C=3C=CC=CC3
c1cccc(OC)c1C=NN(C)C,N(=CC=1C(OC)=CC=CC1B2OC(C)(C)C(O2)(C)C)N(C)C
c1cn(C(=O)OC(C)(C)C)c2ccccc12,O=C(OC(C)(C)C)N1C=C(B2OC(C)(C)C(O2)(C)C)C=3C=CC=CC31
c1cccc(C(=O)N2CCOCC2)c1,O=C(C=1C=CC=C(C1)B2OC(C)(C)C(O2)(C)C)N3CCOCC3
c1cc2ccccc2n1C,O1B(OC(C)(C)C1(C)C)C2=CC=3C=CC=CC3N2C
c1ccc(C(=O)OCC)cc1O,O=C(OCC)C1=CC=C(B2OC(C)(C)C(O2)(C)C)C(O)=C1
c1cc(F)cc(CNC(=O)C(F)(F)F)c1,O=C(NCC=1C=C(F)C=C(C1)B2OC(C)(C)C(O2)(C)C)C(F)(F)F
c1cc(Br)cc(C(C)=O)c1,O=C(C=1C=C(Br)C=C(C1)B2OC(C)(C)C(O2)(C)C)C
c1ccc2c(CC(NC(=O)OC(C)(C)C)C(=O)OC)cn([Si](C(C)C)(C(C)C)C(C)C)c2c1,O=C(OC(C)(C)C)NC(C(=O)OC)CC1=CN(C=2C=C(C=CC21)B3OC(C)(C)C(O3)(C)C)[Si](C(C)C)(C(C)C)C(C)C
c1cc(OC)cc2cc(C(=O)OCC)[nH]c12,O=C(OCC)C1=CC=2C=C(OC)C=C(B3OC(C)(C)C(O3)(C)C)C2N1
c1cc(CC)cc(SC)c1,O1B(OC(C)(C)C1(C)C)C2=CC(SC)=CC(=C2)CC
CC(CC(F)(F)F)C(=O)Nc1c(F)c(F)c(C(F)(F)F)c(F)c1F,O=C(NC1=C(F)C(F)=C(C(F)=C1F)C(F)(F)F)C(CB2OC(C)(C)C(O2)(C)C)CC(F)(F)F
CC1CCC(C(C)C)C(O)C1,OC1CC(CB2OC(C)(C)C(O2)(C)C)CCC1C(C)C
c1cccc2c(CCO[Si](C)(C)C(C)(C)C)c[nH]c12,O1B(OC(C)(C)C1(C)C)C2=CC=CC3=C2NC=C3CCO[Si](C)(C)C(C)(C)C
c1c(C)n[nH]c1C,N=1NC(=C(B2OC(C)(C)C(O2)(C)C)C1C)C
c1ccc(-c2ccccc2)c2ccn(C(=O)C(C)(C)C)c12,O=C(N1C=CC=2C(=CC=C(B3OC(C)(C)C(O3)(C)C)C21)C=4C=CC=CC4)C(C)(C)C
c1ccc2nc(C)[nH]c2c1,N=1C=2C=CC(=CC2NC1C)B3OC(C)(C)C(O3)(C)C
c1ccc(I)c(CCNC(=O)C(F)(F)F)c1,O=C(NCCC1=CC(=CC=C1I)B2OC(C)(C)C(O2)(C)C)C(F)(F)F
c1ccnc(-c2ccccc2)c1,N=1C=CC(=CC1C=2C=CC=CC2)B3OC(C)(C)C(O3)(C)C
c1ccc(CCNC(=O)C(F)(F)F)c(I)c1,O=C(NCCC1=CC=C(C=C1I)B2OC(C)(C)C(O2)(C)C)C(F)(F)F
c1cc(Cl)c(F)cc1NC(=O)OC(C)(C)C,O=C(OC(C)(C)C)NC1=CC(F)=C(Cl)C=C1B2OC(C)(C)C(O2)(C)C
CC(CC)(Cc1ccc(F)cc1)C(=O)Nc1c(F)c(F)c(C(F)(F)F)c(F)c1F,O=C(NC1=C(F)C(F)=C(C(F)=C1F)C(F)(F)F)C(CB2OC(C)(C)C(O2)(C)C)(CC3=CC=C(F)C=C3)CC
C1CCC1(Cc1cccc(C)c1)C(=O)Nc1c(F)c(F)c(C(F)(F)F)c(F)c1F,O=C(NC1=C(F)C(F)=C(C(F)=C1F)C(F)(F)F)C2(CC=3C=CC=C(C3)C)CCC2B4OC(C)(C)C(O4)(C)C
c1ccc(C(F)(F)F)c(CCNC(=O)OC(C)(C)C)c1,O=C(OC(C)(C)C)NCCC1=CC(=CC=C1C(F)(F)F)B2OC(C)(C)C(O2)(C)C
c1cccc(C(F)(F)F)c1F,FC=1C(=CC=CC1C(F)(F)F)B2OC(C)(C)C(O2)(C)C
c1cnc(C(=O)OCC)c(C(=O)OCC)c1,O=C(OCC)C1=NC=C(C=C1C(=O)OCC)B2OC(C)(C)C(O2)(C)C
c1ccc(C(=O)N(C(C)C)C(C)C)o1,O=C(C=1OC(=CC1)B2OC(C)(C)C(O2)(C)C)N(C(C)C)C(C)C
c1c(C)c2ccccc2n1C,O1B(OC(C)(C)C1(C)C)C2=C(C=3C=CC=CC3N2C)C
c1ccc(C(=O)OCC)c(CC(=O)OCC)c1,O=C(OCC)C1=CC=C(C=C1CC(=O)OCC)B2OC(C)(C)C(O2)(C)C
c1c(F)cc(C(=O)OCC)cc1F,O=C(OCC)C1=CC(F)=C(B2OC(C)(C)C(O2)(C)C)C(F)=C1
c1cc(C)nc(C(=O)N(C(C)C)C(C)C)c1,O=C(C=1N=C(C=C(C1)B2OC(C)(C)C(O2)(C)C)C)N(C(C)C)C(C)C
c1ccc(C(F)(F)F)cc1NC(=O)C(C)(C)C,O=C(NC1=CC(=CC=C1B2OC(C)(C)C(O2)(C)C)C(F)(F)F)C(C)(C)C
CC(C)C(=O)Nc1c(F)c(F)c(C(F)(F)F)c(F)c1F,O=C(NC1=C(F)C(F)=C(C(F)=C1F)C(F)(F)F)C(C)CB2OC(C)(C)C(O2)(C)C
c1cccc(Br)c1NC(=O)C(C)(C)C,O=C(NC=1C(Br)=CC=CC1B2OC(C)(C)C(O2)(C)C)C(C)(C)C
c1ccc(Cl)cc1C=NN(C)C,ClC1=CC=C(B2OC(C)(C)C(O2)(C)C)C(C=NN(C)C)=C1
c1cc(SC)cc(N2CCOCC2)c1,O1B(OC(C)(C)C1(C)C)C2=CC(SC)=CC(=C2)N3CCOCC3
c1ccc2ccccc2c1-c1ncccc1OC,N=1C=CC=C(OC)C1C=2C(=CC=C3C=CC=CC32)B4OC(C)(C)C(O4)(C)C
c1cc(Br)ccc1NC(=O)C(C)(C)C,O=C(NC1=CC=C(Br)C=C1B2OC(C)(C)C(O2)(C)C)C(C)(C)C
c1ccc(Br)cc1C=O,O=CC1=CC(Br)=CC=C1B2OC(C)(C)C(O2)(C)C
c1ccc(Cl)cc1O,ClC1=CC=C(B2OC(C)(C)C(O2)(C)C)C(O)=C1
c1ccc(CCNC(=O)C(F)(F)F)c(Cl)c1,O=C(NCCC1=CC=C(C=C1Cl)B2OC(C)(C)C(O2)(C)C)C(F)(F)F
c1ccc(Cl)c(C(=O)N(C(C)C)C(C)C)c1,O=C(C1=CC(=CC=C1Cl)B2OC(C)(C)C(O2)(C)C)N(C(C)C)C(C)C
c1ccc(C(F)(F)F)c(C(=O)N(C(C)C)C(C)C)c1,O=C(C1=CC(=CC=C1C(F)(F)F)B2OC(C)(C)C(O2)(C)C)N(C(C)C)C(C)C
c1cc(Cl)cc(OC)c1,ClC=1C=C(OC)C=C(C1)B2OC(C)(C)C(O2)(C)C
C1CCOC1,O1B(OC(C)(C)C1(C)C)C2COCC2
c1cccc(C)c1O,OC=1C(=CC=CC1C)B2OC(C)(C)C(O2)(C)C
c1cccc(C)c1C=NN(C)C,N(=CC=1C(=CC=CC1C)B2OC(C)(C)C(O2)(C)C)N(C)C
c1c(OC)ccc2ccn(C(=O)C(C)(C)C)c12,O=C(N1C=CC=2C=CC(OC)=C(B3OC(C)(C)C(O3)(C)C)C21)C(C)(C)C
c1cc(Br)ccc1C(=O)NC,O=C(NC)C1=CC=C(Br)C=C1B2OC(C)(C)C(O2)(C)C
c1cnc(C#N)nc1,N#CC1=NC=C(C=N1)B2OC(C)(C)C(O2)(C)C
c1ccc(Cl)c(C(=O)N(CCCCCC)CCCCCC)c1,O=C(C1=CC(=CC=C1Cl)B2OC(C)(C)C(O2)(C)C)N(CCCCCC)CCCCCC
c1ccc(C)cc1C(=O)NC,O=C(NC)C1=CC(=CC=C1B2OC(C)(C)C(O2)(C)C)C
c1cc(C(=O)N(C(C)C)C(C)C)ccc1Br,O=C(C1=CC=C(Br)C(=C1)B2OC(C)(C)C(O2)(C)C)N(C(C)C)C(C)C
c1c[nH]c2ccc(F)cc12,FC=1C=CC=2NC=C(B3OC(C)(C)C(O3)(C)C)C2C1
c1scc2c1OCCO2,O1B(OC(C)(C)C1(C)C)C=2SC=C3OCCOC32
c1cccn1Cc1ccccc1,O1B(OC(C)(C)C1(C)C)C2=CC=CN2CC=3C=CC=CC3
c1ccnc(C(=O)OCC)c1,O=C(OCC)C1=NC=CC(=C1)B2OC(C)(C)C(O2)(C)C
c1cc(C)nc2ccc(C)cc12,N=1C=2C=CC(=CC2C(=CC1C)B3OC(C)(C)C(O3)(C)C)C
c1cccc(-c2ccccc2OC)c1F,FC=1C(=CC=CC1C=2C=CC=CC2OC)B3OC(C)(C)C(O3)(C)C
c1cc2ccccc2cc1C(=O)Nc1c(F)c(F)c(C(F)(F)F)c(F)c1F,O=C(NC1=C(F)C(F)=C(C(F)=C1F)C(F)(F)F)C2=CC=3C=CC=CC3C=C2B4OC(C)(C)C(O4)(C)C
c1cccc(C(=O)N(CC)CC)c1,O=C(C=1C=CC=C(C1)B2OC(C)(C)C(O2)(C)C)N(CC)CC
CC1(C(=O)Nc2c(F)c(F)c(C(F)(F)F)c(F)c2F)CCCCC1,O=C(NC1=C(F)C(F)=C(C(F)=C1F)C(F)(F)F)C2(CB3OC(C)(C)C(O3)(C)C)CCCCC2
c1c[nH]c2c(OC)cccc12,O(C1=CC=CC=2C(=CNC12)B3OC(C)(C)C(O3)(C)C)C
c1cc(OC)cc(C(=O)N(C(C)C)C(C)C)c1,O=C(C=1C=C(OC)C=C(C1)B2OC(C)(C)C(O2)(C)C)N(C(C)C)C(C)C
c1cc(Br)cc(Br)c1,BrC=1C=C(Br)C=C(C1)B2OC(C)(C)C(O2)(C)C
c1cnc2[nH]c(C)cc2c1Cl,ClC1=C(C=NC=2NC(=CC12)C)B3OC(C)(C)C(O3)(C)C
c1ccnc(CCNC(=O)C(F)(F)F)c1,O=C(NCCC1=NC=CC(=C1)B2OC(C)(C)C(O2)(C)C)C(F)(F)F
CCCCCCCCCCCC,O1B(OC(C)(C)C1(C)C)CCCCCCCCCCCC
c1cc(SC)cc(N2CCCC2)c1,O1B(OC(C)(C)C1(C)C)C2=CC(SC)=CC(=C2)N3CCCC3
C1CCC1(C(=O)Nc1c(F)c(F)c(C(F)(F)F)c(F)c1F)N1C(=O)c2ccccc2C1=O,O=C1C=2C=CC=CC2C(=O)N1C3(C(=O)NC4=C(F)C(F)=C(C(F)=C4F)C(F)(F)F)CCC3B5OC(C)(C)C(O5)(C)C
c1ccc(C(=O)OCC)c(OC(F)(F)F)c1,O=C(OCC)C1=CC=C(C=C1OC(F)(F)F)B2OC(C)(C)C(O2)(C)C
c1ccc(-c2ccc3ccccc3c2)cc1F,FC=1C=C(C=CC1B2OC(C)(C)C(O2)(C)C)C=3C=CC=4C=CC=CC4C3
c1cccc(OC)c1C=O,O=CC=1C(OC)=CC=CC1B2OC(C)(C)C(O2)(C)C
c1cn[nH]c1,N1=CC(=CN1)B2OC(C)(C)C(O2)(C)C
c1ccccc1C=NN(C)C,N(=CC=1C=CC=CC1B2OC(C)(C)C(O2)(C)C)N(C)C
CCCCC1(C)OCC(C)(C)CO1,O1B(OC(C)(C)C1(C)C)CCCCC2(OCC(C)(C)CO2)C
c1cc(C(F)(F)F)cc(Br)c1F,FC1=C(Br)C=C(C=C1B2OC(C)(C)C(O2)(C)C)C(F)(F)F
c1ccc(C(C)=O)c(Cl)c1,O=C(C1=CC=C(C=C1Cl)B2OC(C)(C)C(O2)(C)C)C
c1cccc2c1c(C(=O)C(C)(C)C)cn2Cc1ccccc1,O=C(C1=CN(C=2C=CC=C(B3OC(C)(C)C(O3)(C)C)C12)CC=4C=CC=CC4)C(C)(C)C
c1ccc(OC)c2cc(C(=O)OC)[nH]c12,O=C(OC)C1=CC=2C(OC)=CC=C(B3OC(C)(C)C(O3)(C)C)C2N1
c1cc(C(C)(C)C)ccc1C(=O)NC,O=C(NC)C1=CC=C(C=C1B2OC(C)(C)C(O2)(C)C)C(C)(C)C
c1ccc(C(C)C)cc1SC,O1B(OC(C)(C)C1(C)C)C2=CC=C(C=C2SC)C(C)C
c1cccc2c(C)c[nH]c12,O1B(OC(C)(C)C1(C)C)C2=CC=CC=3C(=CNC23)C
c1ccnc(C)c1,N=1C=CC(=CC1C)B2OC(C)(C)C(O2)(C)C
c1cc2cccnc2n1C,N1=CC=CC=2C=C(B3OC(C)(C)C(O3)(C)C)N(C12)C
c1cc(C)nc2cc(Br)ccc12,BrC=1C=CC2=C(N=C(C=C2B3OC(C)(C)C(O3)(C)C)C)C1
CC(Cc1ccc2c(c1)OCO2)C(=O)Nc1c(F)c(F)c(C(F)(F)F)c(F)c1F,O=C(NC1=C(F)C(F)=C(C(F)=C1F)C(F)(F)F)C(CB2OC(C)(C)C(O2)(C)C)CC3=CC=C4OCOC4=C3
c1ccc(CC)cc1SC,O1B(OC(C)(C)C1(C)C)C2=CC=C(C=C2SC)CC
c1cc(C#N)nc2ccc(OC)cc12,N#CC=1N=C2C=CC(OC)=CC2=C(C1)B3OC(C)(C)C(O3)(C)C
C1CCC1(CCc1ccccc1)C(=O)Nc1c(F)c(F)c(C(F)(F)F)c(F)c1F,O=C(NC1=C(F)C(F)=C(C(F)=C1F)C(F)(F)F)C2(CCC=3C=CC=CC3)CCC2B4OC(C)(C)C(O4)(C)C
c1cc(Br)cc(C(=O)N(C(C)C)C(C)C)c1Cl,O=C(C=1C=C(Br)C=C(B2OC(C)(C)C(O2)(C)C)C1Cl)N(C(C)C)C(C)C
c1ccc(C=Cc2ccccc2)c2ccn(C(=O)C(C)(C)C)c12,O=C(N1C=CC=2C(C=CC=3C=CC=CC3)=CC=C(B4OC(C)(C)C(O4)(C)C)C21)C(C)(C)C
c1ccc2c3cc(CC)ccc3n([Si](C(C)C)(C(C)C)C(C)C)c2c1,O1B(OC(C)(C)C1(C)C)C=2C=CC=3C4=CC(=CC=C4N(C3C2)[Si](C(C)C)(C(C)C)C(C)C)CC
c1ccc(C(=O)N(CCCCCC)CCCCCC)[nH]1,O=C(C1=CC=C(N1)B2OC(C)(C)C(O2)(C)C)N(CCCCCC)CCCCCC
c1ccc(C(=O)OCC)c(OC)c1,O=C(OCC)C1=CC=C(C=C1OC)B2OC(C)(C)C(O2)(C)C
c1cc(C)oc1C#N,N#CC=1OC(=CC1B2OC(C)(C)C(O2)(C)C)C
c1ccc(CCNC(=O)C(F)(F)F)c(Br)c1,O=C(NCCC1=CC=C(C=C1Br)B2OC(C)(C)C(O2)(C)C)C(F)(F)F
c1cc(-c2ccccc2)ccc1C(=O)NC,O=C(NC)C=1C=CC(=CC1B2OC(C)(C)C(O2)(C)C)C=3C=CC=CC3
c1ccc(CCCNC(=O)C(F)(F)F)c(Br)c1,O=C(NCCCC1=CC=C(C=C1Br)B2OC(C)(C)C(O2)(C)C)C(F)(F)F
c1ccc(C(F)(F)F)c(CCNC(=O)C(F)(F)F)c1,O=C(NCCC1=CC(=CC=C1C(F)(F)F)B2OC(C)(C)C(O2)(C)C)C(F)(F)F
c1ccc(C(F)(F)F)c(C)c1,FC(F)(F)C1=CC=C(C=C1C)B2OC(C)(C)C(O2)(C)C
c1cc(C)ccc1SC,O1B(OC(C)(C)C1(C)C)C2=CC(=CC=C2SC)C
c1ccc([Si](C)(C)C)cc1SC,O1B(OC(C)(C)C1(C)C)C2=CC=C(C=C2SC)[Si](C)(C)C
c1cc(C(=O)OC)ccc1C#N,N#CC1=CC=C(C=C1B2OC(C)(C)C(O2)(C)C)C(=O)OC
c1ccc([Si](C)(C)C)cc1,O1B(OC(C)(C)C1(C)C)C2=CC=C(C=C2)[Si](C)(C)C
c1c(-c2ccccc2)ccc2c1c(C(=O)C(C)(C)C)cn2S(=O)(=O)c1ccc(C)cc1,O=C(C1=CN(C2=CC=C(C=3C=CC=CC3)C(B4OC(C)(C)C(O4)(C)C)=C12)S(=O)(=O)C5=CC=C(C=C5)C)C(C)(C)C
CC(C(=O)Nc1c(F)c(F)c(C(F)(F)F)c(F)c1F)C1CCOCC1,O=C(NC1=C(F)C(F)=C(C(F)=C1F)C(F)(F)F)C(CB2OC(C)(C)C(O2)(C)C)C3CCOCC3
c1cc(OC)ccc1O,OC1=CC=C(OC)C=C1B2OC(C)(C)C(O2)(C)C
CC(CCc1ccccc1)C(=O)Nc1c(F)c(F)c(C(F)(F)F)c(F)c1F,O=C(NC1=C(F)C(F)=C(C(F)=C1F)C(F)(F)F)C(CB2OC(C)(C)C(O2)(C)C)CCC=3C=CC=CC3
C1CCC1(COCc1ccccc1)C(=O)Nc1c(F)c(F)c(C(F)(F)F)c(F)c1F,O=C(NC1=C(F)C(F)=C(C(F)=C1F)C(F)(F)F)C2(COCC=3C=CC=CC3)CCC2B4OC(C)(C)C(O4)(C)C
c1cccc(N(C)C(=O)C(F)(F)F)c1,O=C(N(C=1C=CC=C(C1)B2OC(C)(C)C(O2)(C)C)C)C(F)(F)F
c1ccc(C(=O)OCC)c(OCc2ccccc2)c1,O=C(OCC)C1=CC=C(C=C1OCC=2C=CC=CC2)B3OC(C)(C)C(O3)(C)C
c1cccc(C)c1C(=O)Nc1c(F)c(F)c(C(F)(F)F)c(F)c1F,O=C(NC1=C(F)C(F)=C(C(F)=C1F)C(F)(F)F)C=2C(=CC=CC2C)B3OC(C)(C)C(O3)(C)C
c1ccc(C(=O)OC)c(CNC(=O)C(F)(F)F)c1,O=C(OC)C1=CC=C(C=C1CNC(=O)C(F)(F)F)B2OC(C)(C)C(O2)(C)C
c1ccc2ccccc2c1-c1ncccc1N(C)C,N=1C=CC=C(C1C=2C(=CC=C3C=CC=CC32)B4OC(C)(C)C(O4)(C)C)N(C)C
c1cccc2cc[nH]c12,O1B(OC(C)(C)C1(C)C)C2=CC=CC=3C=CNC32
c1ccc(C(=O)OC)c(OC)c1,O=C(OC)C1=CC=C(C=C1OC)B2OC(C)(C)C(O2)(C)C
c1ccc(Br)c2cc[nH]c12,BrC1=CC=C(B2OC(C)(C)C(O2)(C)C)C=3NC=CC13
c1ccc(C(=O)OCC)c(C(=O)OCC)c1,O=C(OCC)C1=CC=C(C=C1C(=O)OCC)B2OC(C)(C)C(O2)(C)C
c1cc(C)cc(SC)c1,O1B(OC(C)(C)C1(C)C)C2=CC(SC)=CC(=C2)C
c1cc(F)ccc1C(=O)Nc1c(F)c(F)c(C(F)(F)F)c(F)c1F,O=C(NC1=C(F)C(F)=C(C(F)=C1F)C(F)(F)F)C2=CC=C(F)C=C2B3OC(C)(C)C(O3)(C)C
c1cccc(P(=O)(C2CCCCC2)C2CCCCC2)c1,O=P(C=1C=CC=C(C1)B2OC(C)(C)C(O2)(C)C)(C3CCCCC3)C4CCCCC4
c1c[nH]c2ccccc12,O1B(OC(C)(C)C1(C)C)C2=CNC=3C=CC=CC32
c1ccc(N2CCCC2)cc1SC,O1B(OC(C)(C)C1(C)C)C2=CC=C(C=C2SC)N3CCCC3
C1CCC1(CC1CCCC1)C(=O)Nc1c(F)c(F)c(C(F)(F)F)c(F)c1F,O=C(NC1=C(F)C(F)=C(C(F)=C1F)C(F)(F)F)C2(CCC2B3OC(C)(C)C(O3)(C)C)CC4CCCC4
c1cc(C=O)ccc1OC,O=CC1=CC=C(OC)C(=C1)B2OC(C)(C)C(O2)(C)C
c1ccc(N(C)C)cc1Br,BrC1=CC(=CC=C1B2OC(C)(C)C(O2)(C)C)N(C)C
c1ccc([Si](CC)(CC)CC)cc1,O1B(OC(C)(C)C1(C)C)C2=CC=C(C=C2)[Si](CC)(CC)CC
c1cc2cc(C(=O)OCC)ccc2[nH]1,O=C(OCC)C=1C=CC=2NC(=CC2C1)B3OC(C)(C)C(O3)(C)C
c1ccc(OC(F)(F)F)c(C(=O)N(CCCCCC)CCCCCC)c1,O=C(C1=CC(=CC=C1OC(F)(F)F)B2OC(C)(C)C(O2)(C)C)N(CCCCCC)CCCCCC
c1ccc(OC)s1,O(C=1SC(=CC1)B2OC(C)(C)C(O2)(C)C)C
c1cccc2ccn(C(=O)C(C)(C)C)c12,O=C(N1C=CC=2C=CC=C(B3OC(C)(C)C(O3)(C)C)C21)C(C)(C)C
c1cc(OC)nc(OC)c1,N=1C(OC)=CC(=CC1OC)B2OC(C)(C)C(O2)(C)C
c1ccc(C)cc1C(=O)Nc1c(F)c(F)c(C(F)(F)F)c(F)c1F,O=C(NC1=C(F)C(F)=C(C(F)=C1F)C(F)(F)F)C2=CC(=CC=C2B3OC(C)(C)C(O3)(C)C)C
c1ccc(OC)c(C(=O)N(C(C)C)C(C)C)c1,O=C(C1=CC(=CC=C1OC)B2OC(C)(C)C(O2)(C)C)N(C(C)C)C(C)C
c1ccc(Br)c2ccn(C(=O)C(C)(C)C)c12,O=C(N1C=CC=2C(Br)=CC=C(B3OC(C)(C)C(O3)(C)C)C21)C(C)(C)C
c1c[nH]c2cc(F)ccc12,FC=1C=CC2=C(C1)NC=C2B3OC(C)(C)C(O3)(C)C
c1cccc2c1[nH]c1ccccc12,O1B(OC(C)(C)C1(C)C)C2=CC=CC=3C=4C=CC=CC4NC23
c1cc(Cl)nc(C(=O)N(C(C)C)C(C)C)c1,O=C(C1=NC(Cl)=CC(=C1)B2OC(C)(C)C(O2)(C)C)N(C(C)C)C(C)C
c1ccc(OC)c(CCNC(=O)C(F)(F)F)c1,O=C(NCCC1=CC(=CC=C1OC)B2OC(C)(C)C(O2)(C)C)C(F)(F)F
c1cc2cc(C(=O)OCC)ccc2n1C,O=C(OCC)C=1C=CC2=C(C1)C=C(B3OC(C)(C)C(O3)(C)C)N2C
c1cccc2cc(C)[nH]c12,O1B(OC(C)(C)C1(C)C)C2=CC=CC=3C=C(NC32)C
c1cc2cc(OC)ccc2n1C,O(C=1C=CC2=C(C1)C=C(B3OC(C)(C)C(O3)(C)C)N2C)C
c1ccc(C(=O)OCC)c(F)c1F,O=C(OCC)C1=CC=C(B2OC(C)(C)C(O2)(C)C)C(F)=C1F
c1cc(OC)c(Cl)cc1NC(=O)OC(C)(C)C,O=C(OC(C)(C)C)NC1=CC(Cl)=C(OC)C=C1B2OC(C)(C)C(O2)(C)C
c1cc2ccccc2s1,O1B(OC(C)(C)C1(C)C)C=2SC=3C=CC=CC3C2
CCCCN(CCCC)C(=O)OC(C)(C)C,O=C(OC(C)(C)C)N(CCCC)CCCCB1OC(C)(C)C(O1)(C)C
c1ccc(-c2ccccc2C)cc1F,FC1=CC(=CC=C1B2OC(C)(C)C(O2)(C)C)C=3C=CC=CC3C
c1cc(C(=O)N(CCCCCC)CCCCCC)c(F)c(C(F)(F)F)c1,O=C(C1=CC(=CC(=C1F)C(F)(F)F)B2OC(C)(C)C(O2)(C)C)N(CCCCCC)CCCCCC
c1ccc(C2(O)CCCCC2)cc1,OC1(C2=CC=C(C=C2)B3OC(C)(C)C(O3)(C)C)CCCCC1
C1CCC1(CCc1ccc(F)cc1)C(=O)Nc1c(F)c(F)c(C(F)(F)F)c(F)c1F,O=C(NC1=C(F)C(F)=C(C(F)=C1F)C(F)(F)F)C2(CCC3=CC=C(F)C=C3)CCC2B4OC(C)(C)C(O4)(C)C
c1cc(C)ccc1C(=O)NCc1ccccc1,O=C(NCC=1C=CC=CC1)C2=CC=C(C=C2B3OC(C)(C)C(O3)(C)C)C
c1cc([N+](=O)[O-])ccc1C(=O)Nc1c(F)c(F)c(C(F)(F)F)c(F)c1F,O=C(NC1=C(F)C(F)=C(C(F)=C1F)C(F)(F)F)C2=CC=C(C=C2B3OC(C)(C)C(O3)(C)C)N(=O)=O
c1cccc(C(F)(F)F)c1C(=O)Nc1c(F)c(F)c(C(F)(F)F)c(F)c1F,O=C(NC1=C(F)C(F)=C(C(F)=C1F)C(F)(F)F)C=2C(=CC=CC2C(F)(F)F)B3OC(C)(C)C(O3)(C)C
c1ccc(C(C)C(=O)OC)cc1F,O=C(OC)C(C1=CC=C(B2OC(C)(C)C(O2)(C)C)C(F)=C1)C
c1cc(Cl)c(Cl)c(C(=O)N(CCCCCC)CCCCCC)c1,O=C(C1=CC(=CC(Cl)=C1Cl)B2OC(C)(C)C(O2)(C)C)N(CCCCCC)CCCCCC
c1cc(C)ccc1F,FC1=CC=C(C=C1B2OC(C)(C)C(O2)(C)C)C
c1cc(OC(F)(F)F)ccc1C(=O)NCc1ccccc1,O=C(NCC=1C=CC=CC1)C2=CC=C(OC(F)(F)F)C=C2B3OC(C)(C)C(O3)(C)C
CCCCCCN(CCCCCC)C(=O)c1cc(B2OC(C)CC(C)(C)O2)ccc1C(F)(F)F,O=C(C1=CC(=CC=C1C(F)(F)F)B2OC(C)CC(O2)(C)C)N(CCCCCC)CCCCCC
c1ccc(N(C)C)cc1C,O1B(OC(C)(C)C1(C)C)C2=CC=C(C=C2C)N(C)C
c1ccc(C(F)(F)F)c(CNC(C)=O)c1,O=C(NCC1=CC(=CC=C1C(F)(F)F)B2OC(C)(C)C(O2)(C)C)C
c1cc(C)c(OC)c(C)c1,O(C=1C(=CC(=CC1C)B2OC(C)(C)C(O2)(C)C)C)C
c1cc(Br)ccc1NC(=O)OC(C)(C)C,O=C(OC(C)(C)C)NC1=CC=C(Br)C=C1B2OC(C)(C)C(O2)(C)C
c1cn([Si](C(C)C)(C(C)C)C(C)C)c2ccccc12,O1B(OC(C)(C)C1(C)C)C2=CN(C=3C=CC=CC23)[Si](C(C)C)(C(C)C)C(C)C
c1c(O)ccc2ccn(C(=O)C(C)(C)C)c12,O=C(N1C=CC=2C=CC(O)=C(B3OC(C)(C)C(O3)(C)C)C21)C(C)(C)C
Cc1cccc(Cl)c1,ClC1=CC=CC(=C1)CB2OC(C)(C)C(O2)(C)C
c1ccc(C(=O)OCC)c(-c2ccc(-c3ccccc3)cc2)c1,O=C(OCC)C=1C=CC(=CC1C=2C=CC(=CC2)C=3C=CC=CC3)B4OC(C)(C)C(O4)(C)C
c1ccc(CO[Si](C)(C)C(C)(C)C)c(CCNC(=O)C(F)(F)F)c1,O=C(NCCC1=CC(=CC=C1CO[Si](C)(C)C(C)(C)C)B2OC(C)(C)C(O2)(C)C)C(F)(F)F
CCCCC1(O)CCCCC1,OC1(CCCCB2OC(C)(C)C(O2)(C)C)CCCCC1
C(CC)CCC(=O)NC(C)(C)C,O=C(NC(C)(C)C)CCC(B1OC(C)(C)C(O1)(C)C)CC
c1cccc2[nH]cc(C(=O)C(C)(C)C)c12,O=C(C1=CNC2=CC=CC(B3OC(C)(C)C(O3)(C)C)=C21)C(C)(C)C
c1ccc(C(=O)OCC)n1C,O=C(OCC)C1=CC=C(B2OC(C)(C)C(O2)(C)C)N1C
c1cc(F)c(C(=O)OCC)c(F)c1,O=C(OCC)C1=C(F)C=C(C=C1F)B2OC(C)(C)C(O2)(C)C
c1ccc(OC)cc1O,OC1=CC(OC)=CC=C1B2OC(C)(C)C(O2)(C)C
CC1(C(=O)Nc2c(F)c(F)c(C(F)(F)F)c(F)c2F)CCCC1,O=C(NC1=C(F)C(F)=C(C(F)=C1F)C(F)(F)F)C2(CB3OC(C)(C)C(O3)(C)C)CCCC2
c1ccc(Cl)c(C=O)c1,O=CC1=CC(=CC=C1Cl)B2OC(C)(C)C(O2)(C)C
c1ccc(C)cc1C=O,O=CC1=CC(=CC=C1B2OC(C)(C)C(O2)(C)C)C
C1CCCN(C(=O)OC(C)(C)C)C1,O=C(OC(C)(C)C)N1CCCC(B2OC(C)(C)C(O2)(C)C)C1
c1ccc(-c2ccccc2OC)cc1F,FC=1C=C(C=CC1B2OC(C)(C)C(O2)(C)C)C=3C=CC=CC3OC
c1cn(Cc2ccccc2)c2ccccc12,O1B(OC(C)(C)C1(C)C)C2=CN(C=3C=CC=CC23)CC=4C=CC=CC4
C(=CNC(=O)OC(C)(C)C)c1ccccc1,O=C(OC(C)(C)C)NC=C(B1OC(C)(C)C(O1)(C)C)C=2C=CC=CC2
c1cccc(OC)c1O,OC=1C(OC)=CC=CC1B2OC(C)(C)C(O2)(C)C
c1ccc(CNC(=O)OC(C)(C)C)c(C(F)(F)F)c1,O=C(OC(C)(C)C)NCC1=CC=C(C=C1C(F)(F)F)B2OC(C)(C)C(O2)(C)C
c1cc(C)c(C)cc1C=O,O=CC=1C=C(C(=CC1B2OC(C)(C)C(O2)(C)C)C)C
c1ccc(C(F)(F)F)c(C(=O)N(CCCCCC)CCCCCC)c1,O=C(C1=CC(=CC=C1C(F)(F)F)B2OC(C)(C)C(O2)(C)C)N(CCCCCC)CCCCCC
c1cc(F)cc(CCCNC(=O)C(F)(F)F)c1F,O=C(NCCCC=1C=C(F)C=C(B2OC(C)(C)C(O2)(C)C)C1F)C(F)(F)F
c1ccccc1O,OC=1C=CC=CC1B2OC(C)(C)C(O2)(C)C
c1ccc2c(c1)C(=O)N(C)C2,O=C1C2=CC(=CC=C2CN1C)B3OC(C)(C)C(O3)(C)C
c1ccc(C2(C)OCCO2)cc1,O1B(OC(C)(C)C1(C)C)C2=CC=C(C=C2)C3(OCCO3)C
CC(C)(CCc1cccc(Cl)c1)C(=O)Nc1c(F)c(F)c(C(F)(F)F)c(F)c1F,O=C(NC1=C(F)C(F)=C(C(F)=C1F)C(F)(F)F)C(C)(CB2OC(C)(C)C(O2)(C)C)CCC=3C=CC=C(Cl)C3
CC(C)(CCCOc1cc(C)ccc1C)C(=O)Nc1c(F)c(F)c(C(F)(F)F)c(F)c1F,O=C(NC1=C(F)C(F)=C(C(F)=C1F)C(F)(F)F)C(C)(CB2OC(C)(C)C(O2)(C)C)CCCOC3=CC(=CC=C3C)C
c1cnc2cc(Cl)ccc2c1Cl,ClC=1C=CC2=C(Cl)C(=CN=C2C1)B3OC(C)(C)C(O3)(C)C
c1cc(C(C)(C)C)ccc1NC(=O)C(C)(C)C,O=C(NC1=CC=C(C=C1B2OC(C)(C)C(O2)(C)C)C(C)(C)C)C(C)(C)C
c1cccc(-c2ccc(SC)cc2)c1,O1B(OC(C)(C)C1(C)C)C=2C=CC=C(C2)C=3C=CC(SC)=CC3
c1cc(-c2ccccc2)ccc1C=O,O=CC=1C=CC(=CC1B2OC(C)(C)C(O2)(C)C)C=3C=CC=CC3
c1ccc(C(=O)OC)c(C(=O)N(CC)CC)c1,O=C(OC)C1=CC=C(C=C1C(=O)N(CC)CC)B2OC(C)(C)C(O2)(C)C
c1cc(OC)cc2nc(C)oc12,N1=C(OC2=C1C=C(OC)C=C2B3OC(C)(C)C(O3)(C)C)C
c1cc(C)c2ccccc2c1-c1nccc2ccccc12,N=1C=CC=2C=CC=CC2C1C=3C(=CC(=C4C=CC=CC43)C)B5OC(C)(C)C(O5)(C)C
c1ccc(N2CCCC2)cc1,O1B(OC(C)(C)C1(C)C)C2=CC=C(C=C2)N3CCCC3
c1c[nH]c2ccc(C)cc12,O1B(OC(C)(C)C1(C)C)C2=CNC=3C=CC(=CC32)C
c1cccc(-c2ccc3ccccc3c2)c1F,FC=1C(=CC=CC1C=2C=CC=3C=CC=CC3C2)B4OC(C)(C)C(O4)(C)C
c1cccc2c(-c3ccccc3)c[nH]c12,O1B(OC(C)(C)C1(C)C)C2=CC=CC=3C(=CNC23)C=4C=CC=CC4
c1ccc(C(C)(C)CC)cc1,O1B(OC(C)(C)C1(C)C)C2=CC=C(C=C2)C(C)(C)CC
c1ccc(OC)cc1C=O,O=CC1=CC(OC)=CC=C1B2OC(C)(C)C(O2)(C)C
c1ccc(C)c(OC)c1,O(C1=CC(=CC=C1C)B2OC(C)(C)C(O2)(C)C)C
C(CC)CCC(=O)OCc1ccccc1,O=C(OCC=1C=CC=CC1)CCC(B2OC(C)(C)C(O2)(C)C)CC
c1ccc(C(=O)OCC)c(F)c1,O=C(OCC)C1=CC=C(C=C1F)B2OC(C)(C)C(O2)(C)C
c1ccccc1C(=O)NCc1ccccc1,O=C(NCC=1C=CC=CC1)C=2C=CC=CC2B3OC(C)(C)C(O3)(C)C
c1cc2cc(C(=O)OC)ccc2n1C,O=C(OC)C=1C=CC2=C(C1)C=C(B3OC(C)(C)C(O3)(C)C)N2C
c1ccc(C(=O)N(C(C)C)C(C)C)[nH]1,O=C(C1=CC=C(N1)B2OC(C)(C)C(O2)(C)C)N(C(C)C)C(C)C
c1ccc2c(c1)CCCC2=O,O=C1C2=CC=C(C=C2CCC1)B3OC(C)(C)C(O3)(C)C
c1cc(C(F)(F)F)ccc1C#N,N#CC1=CC=C(C=C1B2OC(C)(C)C(O2)(C)C)C(F)(F)F
c1cc(Br)cc(F)c1C#N,N#CC=1C(F)=CC(Br)=CC1B2OC(C)(C)C(O2)(C)C
c1cc(C(F)(F)F)ccc1C(=O)Nc1c(F)c(F)c(C(F)(F)F)c(F)c1F,O=C(NC1=C(F)C(F)=C(C(F)=C1F)C(F)(F)F)C2=CC=C(C=C2B3OC(C)(C)C(O3)(C)C)C(F)(F)F
c1ccc(Br)s1,BrC=1SC(=CC1)B2OC(C)(C)C(O2)(C)C
c1cccc(C(=O)N(C)C)c1,O=C(C=1C=CC=C(C1)B2OC(C)(C)C(O2)(C)C)N(C)C
c1c(F)cc(Br)cc1F,FC=1C=C(Br)C=C(F)C1B2OC(C)(C)C(O2)(C)C
c1ccnc(C(=O)N(C)C)c1,O=C(C1=NC=CC(=C1)B2OC(C)(C)C(O2)(C)C)N(C)C
c1cc(C(F)(F)F)ccc1O,FC(F)(F)C1=CC=C(O)C(=C1)B2OC(C)(C)C(O2)(C)C
c1cccc2c1c(C(=O)C(C)(C)C)cn2S(=O)(=O)c1ccc(C)cc1,O=C(C1=CN(C=2C=CC=C(B3OC(C)(C)C(O3)(C)C)C12)S(=O)(=O)C4=CC=C(C=C4)C)C(C)(C)C
C1CCC2(C1)OCC(C)(C)CO2,O1B(OC(C)(C)C1(C)C)C2CCC3(OCC(C)(C)CO3)C2
c1ccc(CNC(C)=O)c(C(F)(F)F)c1,O=C(NCC1=CC=C(C=C1C(F)(F)F)B2OC(C)(C)C(O2)(C)C)C
CC(Cc1c(F)cccc1F)C(=O)Nc1c(F)c(F)c(C(F)(F)F)c(F)c1F,O=C(NC1=C(F)C(F)=C(C(F)=C1F)C(F)(F)F)C(CB2OC(C)(C)C(O2)(C)C)CC=3C(F)=CC=CC3F
c1ccc(C(=O)N(C(C)C)C(C)C)s1,O=C(C=1SC(=CC1)B2OC(C)(C)C(O2)(C)C)N(C(C)C)C(C)C
CCCCCCCCOCCCCCCCC,O(CCCCCCCC)CCCCCCCCB1OC(C)(C)C(O1)(C)C
c1cc(SC)cc(C(=O)OC)c1,O=C(OC)C=1C=C(SC)C=C(C1)B2OC(C)(C)C(O2)(C)C
c1cc(Cl)cc(OC(=O)NC(C)(C)C)c1,O=C(OC1=CC(Cl)=CC(=C1)B2OC(C)(C)C(O2)(C)C)NC(C)(C)C
c1cc(Br)c(C)cc1F,FC=1C=C(C(Br)=CC1B2OC(C)(C)C(O2)(C)C)C
c1cc(C(F)(F)F)ccc1NC(=O)C(C)(C)C,O=C(NC1=CC=C(C=C1B2OC(C)(C)C(O2)(C)C)C(F)(F)F)C(C)(C)C
c1c(F)c(F)c(F)c(F)c1F,FC=1C(F)=C(F)C(B2OC(C)(C)C(O2)(C)C)=C(F)C1F
c1cc(C(C)(C)C)ccc1O,OC1=CC=C(C=C1B2OC(C)(C)C(O2)(C)C)C(C)(C)C
c1cccc(C)c1NC(=O)C(C)(C)C,O=C(NC=1C(=CC=CC1C)B2OC(C)(C)C(O2)(C)C)C(C)(C)C
c1cc(SC)cc(C(C)C)c1,O1B(OC(C)(C)C1(C)C)C2=CC(SC)=CC(=C2)C(C)C
c1c[nH]c2ccc(OC)cc12,O(C=1C=CC=2NC=C(B3OC(C)(C)C(O3)(C)C)C2C1)C
c1ccc(OC(C)=O)cc1C(=O)Nc1c(F)c(F)c(C(F)(F)F)c(F)c1F,O=C(OC1=CC=C(B2OC(C)(C)C(O2)(C)C)C(=C1)C(=O)NC3=C(F)C(F)=C(C(F)=C3F)C(F)(F)F)C
c1cc(Br)cc(OC(F)(F)F)c1,FC(F)(F)OC1=CC(Br)=CC(=C1)B2OC(C)(C)C(O2)(C)C
c1cc(Br)cc(Cl)c1O,ClC1=CC(Br)=CC(B2OC(C)(C)C(O2)(C)C)=C1O
c1ccc(N(C)C)cc1SC,O1B(OC(C)(C)C1(C)C)C2=CC=C(C=C2SC)N(C)C
c1cc(SC)cc(N(C)C)c1,O1B(OC(C)(C)C1(C)C)C2=CC(SC)=CC(=C2)N(C)C
c1ccc(C2(O[Si](C)(C)C)CCCCC2)cc1,O1B(OC(C)(C)C1(C)C)C2=CC=C(C=C2)C3(O[Si](C)(C)C)CCCCC3
c1cc(OC)ccc1C=O,O=CC1=CC=C(OC)C=C1B2OC(C)(C)C(O2)(C)C
c1cc(C)nc2cc(OC)ccc12,N=1C=2C=C(OC)C=CC2C(=CC1C)B3OC(C)(C)C(O3)(C)C
c1ccc2c(C(=O)OC)cn([Si](C(C)C)(C(C)C)C(C)C)c2c1,O=C(OC)C1=CN(C=2C=C(C=CC12)B3OC(C)(C)C(O3)(C)C)[Si](C(C)C)(C(C)C)C(C)C
c1c[nH]c2cc(C)ccc12,O1B(OC(C)(C)C1(C)C)C2=CNC=3C=C(C=CC32)C
c1cc2c3c(c1)CCCN3CCC2,O1B(OC(C)(C)C1(C)C)C=2C=C3C4=C(C2)CCCN4CCC3
c1cc(OC)ccc1C#N,N#CC1=CC=C(OC)C=C1B2OC(C)(C)C(O2)(C)C
c1ccc(OC)c(OC)c1C=O,O=CC1=C(OC)C(OC)=CC=C1B2OC(C)(C)C(O2)(C)C
c1ccc(C)cc1C(=O)NCc1ccccc1,O=C(NCC=1C=CC=CC1)C2=CC(=CC=C2B3OC(C)(C)C(O3)(C)C)C
c1ccc(Cl)c(CCCNC(=O)C(F)(F)F)c1,O=C(NCCCC1=CC(=CC=C1Cl)B2OC(C)(C)C(O2)(C)C)C(F)(F)F
c1cccc(C2CCCCC2NC(=O)C(F)(F)F)c1,O=C(NC1CCCCC1C=2C=CC=C(C2)B3OC(C)(C)C(O3)(C)C)C(F)(F)F
CC(C(=O)Nc1c(F)c(F)c(C(F)(F)F)c(F)c1F)N1C(=O)c2ccccc2C1=O,O=C1C=2C=CC=CC2C(=O)N1C(C(=O)NC3=C(F)C(F)=C(C(F)=C3F)C(F)(F)F)CB4OC(C)(C)C(O4)(C)C
c1cc(N(C)C)ccc1C#N,N#CC1=CC=C(C=C1B2OC(C)(C)C(O2)(C)C)N(C)C
c1cc2ccc3cccc4ccc(c1-c1nccc5ccccc15)c2c34,N=1C=CC=2C=CC=CC2C1C=3C(=CC4=CC=C5C=CC=C6C=CC3C4=C56)B7OC(C)(C)C(O7)(C)C
c1cccc(C(=O)N(C(C)C)C(C)C)c1,O=C(C=1C=CC=C(C1)B2OC(C)(C)C(O2)(C)C)N(C(C)C)C(C)C
c1cc(C#N)cc(SC)c1,N#CC=1C=C(SC)C=C(C1)B2OC(C)(C)C(O2)(C)C
c1cc(C)cc2ccn(C(=O)C(C)(C)C)c12,O=C(N1C=CC=2C=C(C=C(B3OC(C)(C)C(O3)(C)C)C21)C)C(C)(C)C
c1cc(Br)ccc1C(=O)NCc1ccccc1,O=C(NCC=1C=CC=CC1)C2=CC=C(Br)C=C2B3OC(C)(C)C(O3)(C)C
c1ccc(C(=O)N(CC)CC)cc1F,O=C(C1=CC=C(B2OC(C)(C)C(O2)(C)C)C(F)=C1)N(CC)CC
c1cc(C#N)cc(C(=O)N(CCCCCC)CCCCCC)c1,N#CC=1C=C(C=C(C1)C(=O)N(CCCCCC)CCCCCC)B2OC(C)(C)C(O2)(C)C
c1ccc(F)c2cc[nH]c12,FC1=CC=C(B2OC(C)(C)C(O2)(C)C)C=3NC=CC13
c1cc2ccccc2cc1O,OC1=CC=2C=CC=CC2C=C1B3OC(C)(C)C(O3)(C)C
c1ccc(CCCN(CC)C(=O)C(F)(F)F)c(Br)c1,O=C(N(CC)CCCC1=CC=C(C=C1Br)B2OC(C)(C)C(O2)(C)C)C(F)(F)F
C1CC2CN(C(=O)OC(C)(C)C)CC2C1,O=C(OC(C)(C)C)N1CC2CC(B3OC(C)(C)C(O3)(C)C)CC2C1
c1cccc2c1N(C(=O)C(C)(C)C)CC2,O=C(N1C=2C(=CC=CC2CC1)B3OC(C)(C)C(O3)(C)C)C(C)(C)C
c1cc(C=O)ccc1CC,O=CC1=CC=C(C(=C1)B2OC(C)(C)C(O2)(C)C)CC
c1cc(OC)ccc1C(=O)Nc1c(F)c(F)c(C(F)(F)F)c(F)c1F,O=C(NC1=C(F)C(F)=C(C(F)=C1F)C(F)(F)F)C2=CC=C(OC)C=C2B3OC(C)(C)C(O3)(C)C
c1ccc(C)c(Cl)c1,ClC1=CC(=CC=C1C)B2OC(C)(C)C(O2)(C)C
c1c[nH]c2cccc(F)c12,FC1=CC=CC=2NC=C(B3OC(C)(C)C(O3)(C)C)C12
c1cnc(C(=O)OCC)c(C)c1,O=C(OCC)C1=NC=C(C=C1C)B2OC(C)(C)C(O2)(C)C
c1ccc2c3c(n([Si](C(C)C)(C(C)C)C(C)C)c2c1)CCC3,O1B(OC(C)(C)C1(C)C)C=2C=CC3=C(C2)N(C4=C3CCC4)[Si](C(C)C)(C(C)C)C(C)C
c1ccc2ccccc2c1C=NN(C)C,N(=CC1=C(C=CC=2C=CC=CC21)B3OC(C)(C)C(O3)(C)C)N(C)C
c1cccc(-c2ccccc2)c1F,FC=1C(=CC=CC1C=2C=CC=CC2)B3OC(C)(C)C(O3)(C)C
c1ccc(Br)cc1C(=O)NCc1ccccc1,O=C(NCC=1C=CC=CC1)C2=CC(Br)=CC=C2B3OC(C)(C)C(O3)(C)C
c1cc(OC)ccc1C(=O)NC,O=C(NC)C1=CC=C(OC)C=C1B2OC(C)(C)C(O2)(C)C
c1ccc(C)c(C(=O)N(C(C)C)C(C)C)c1,O=C(C1=CC(=CC=C1C)B2OC(C)(C)C(O2)(C)C)N(C(C)C)C(C)C
c1c[nH]c2c(C)cccc12,O1B(OC(C)(C)C1(C)C)C2=CNC3=C2C=CC=C3C
c1cc(C(=O)N(C(C)C)C(C)C)ccc1Cl,O=C(C1=CC=C(Cl)C(=C1)B2OC(C)(C)C(O2)(C)C)N(C(C)C)C(C)C
c1cn(C(=O)OC(C)(C)C)c2ncccc12,O=C(OC(C)(C)C)N1C=C(B2OC(C)(C)C(O2)(C)C)C=3C=CC=NC31
C1CN(C(=O)OC(C)(C)C)C1,O=C(OC(C)(C)C)N1CC(B2OC(C)(C)C(O2)(C)C)C1
CC(C)(CC(F)(F)F)C(=O)Nc1c(F)c(F)c(C(F)(F)F)c(F)c1F,O=C(NC1=C(F)C(F)=C(C(F)=C1F)C(F)(F)F)C(C)(CB2OC(C)(C)C(O2)(C)C)CC(F)(F)F
c1ccc(Cl)c(P(=O)(C2CCCCC2)C2CCCCC2)c1,O=P(C1=CC(=CC=C1Cl)B2OC(C)(C)C(O2)(C)C)(C3CCCCC3)C4CCCCC4
C(CC)CCC(=O)NCc1ccccc1,O=C(NCC=1C=CC=CC1)CCC(B2OC(C)(C)C(O2)(C)C)CC
c1ccc(C(F)(F)F)c(CNS(=O)(=O)c2ccc(C)cc2)c1,O=S(=O)(NCC1=CC(=CC=C1C(F)(F)F)B2OC(C)(C)C(O2)(C)C)C3=CC=C(C=C3)C
c1ccc(Br)c(C(=O)N(CCCCCC)CCCCCC)c1,O=C(C1=CC(=CC=C1Br)B2OC(C)(C)C(O2)(C)C)N(CCCCCC)CCCCCC
c1ccnc(C(=O)N(C(C)C)C(C)C)c1,O=C(C1=NC=CC(=C1)B2OC(C)(C)C(O2)(C)C)N(C(C)C)C(C)C
c1cc(C#N)cc(C(=O)N(C(C)C)C(C)C)c1,N#CC=1C=C(C=C(C1)C(=O)N(C(C)C)C(C)C)B2OC(C)(C)C(O2)(C)C
c1ccc(OC)c(CCCNC(=O)C(F)(F)F)c1,O=C(NCCCC1=CC(=CC=C1OC)B2OC(C)(C)C(O2)(C)C)C(F)(F)F
c1cc2[nH]c(C)nc2cc1F,FC1=CC=2N=C(NC2C=C1B3OC(C)(C)C(O3)(C)C)C
c1ccccc1C=O,O=CC=1C=CC=CC1B2OC(C)(C)C(O2)(C)C
c1ccc(C)s1,O1B(OC(C)(C)C1(C)C)C=2SC(=CC2)C
c1cc2cccc(C(=O)N(C(C)C)C(C)C)c2[nH]1,O=C(C1=CC=CC=2C=C(NC21)B3OC(C)(C)C(O3)(C)C)N(C(C)C)C(C)C
c1ccc(C(=O)OCC)c(-c2ccccc2)c1,O=C(OCC)C=1C=CC(=CC1C=2C=CC=CC2)B3OC(C)(C)C(O3)(C)C
c1cccc(C(=O)N2CCCCC2)c1,O=C(C=1C=CC=C(C1)B2OC(C)(C)C(O2)(C)C)N3CCCCC3
c1ccc(C(F)(F)F)c(P(=O)(OCC)OCC)c1,O=P(OCC)(OCC)C1=CC(=CC=C1C(F)(F)F)B2OC(C)(C)C(O2)(C)C
c1ccc(-c2ccccc2)cc1NC(=O)C(C)(C)C,O=C(NC=1C=C(C=CC1B2OC(C)(C)C(O2)(C)C)C=3C=CC=CC3)C(C)(C)C
c1ccc(C(=O)OCC)c(Cc2ccccc2)c1,O=C(OCC)C1=CC=C(C=C1CC=2C=CC=CC2)B3OC(C)(C)C(O3)(C)C
c1c[nH]c2cccc(OC)c12,O(C1=CC=CC=2NC=C(B3OC(C)(C)C(O3)(C)C)C12)C
c1ccc(Br)c(CCNC(=O)C(F)(F)F)c1,O=C(NCCC1=CC(=CC=C1Br)B2OC(C)(C)C(O2)(C)C)C(F)(F)F
C(CC)CCC(=O)Nc1ccccc1,O=C(NC=1C=CC=CC1)CCC(B2OC(C)(C)C(O2)(C)C)CC
c1cc(O)ccc1NC(=O)OC(C)(C)C,O=C(OC(C)(C)C)NC1=CC=C(O)C=C1B2OC(C)(C)C(O2)(C)C
c1ccc2ccccc2c1-c1ncccc1Cl,ClC1=CC=CN=C1C=2C(=CC=C3C=CC=CC32)B4OC(C)(C)C(O4)(C)C
c1cn(C)c2ccccc12,O1B(OC(C)(C)C1(C)C)C2=CN(C=3C=CC=CC23)C
c1cc(Br)cc(C=O)c1,O=CC1=CC(Br)=CC(=C1)B2OC(C)(C)C(O2)(C)C
CCC(=O)Nc1c(F)c(F)c(C(F)(F)F)c(F)c1F,O=C(NC1=C(F)C(F)=C(C(F)=C1F)C(F)(F)F)CCB2OC(C)(C)C(O2)(C)C
c1cc(C)cc2cc[nH]c12,O1B(OC(C)(C)C1(C)C)C2=CC(=CC=3C=CNC32)C
c1cc(C)cc(N(C)C)c1,O1B(OC(C)(C)C1(C)C)C=2C=C(C=C(C2)C)N(C)C
c1cc(OC)c(OC)cc1C=O,O=CC1=CC(OC)=C(OC)C=C1B2OC(C)(C)C(O2)(C)C
c1ccc(C(C)(C)C)cc1,O1B(OC(C)(C)C1(C)C)C2=CC=C(C=C2)C(C)(C)C
C1CC2(C1)OCC(C)(C)CO2,O1B(OC(C)(C)C1(C)C)C2CC3(OCC(C)(C)CO3)C2
c1cc(Br)cc(SC)c1,BrC=1C=C(SC)C=C(C1)B2OC(C)(C)C(O2)(C)C
c1c[nH]c2c(F)cccc12,FC1=CC=CC=2C(=CNC12)B3OC(C)(C)C(O3)(C)C
c1cc(Cl)cc2cc[nH]c12,ClC1=CC=2C=CNC2C(=C1)B3OC(C)(C)C(O3)(C)C
c1c(O)cc(C(=O)OCC)cc1O,O=C(OCC)C1=CC(O)=C(B2OC(C)(C)C(O2)(C)C)C(O)=C1
c1cccc(C(=O)N(C)C2CCCCC2)c1,O=C(C=1C=CC=C(C1)B2OC(C)(C)C(O2)(C)C)N(C)C3CCCCC3
c1ccc(C(=O)OCC)[nH]1,O=C(OCC)C1=CC=C(N1)B2OC(C)(C)C(O2)(C)C
c1cccc(F)c1NC(=O)C(C)(C)C,O=C(NC=1C(F)=CC=CC1B2OC(C)(C)C(O2)(C)C)C(C)(C)C
c1cc(Cl)cc(Cl)c1O,ClC=1C=C(Cl)C(O)=C(C1)B2OC(C)(C)C(O2)(C)C
c1cc(I)cc2c1c(C(=O)C(C)(C)C)cn2S(=O)(=O)c1ccc(C)cc1,O=C(C1=CN(C=2C=C(I)C=C(B3OC(C)(C)C(O3)(C)C)C12)S(=O)(=O)C4=CC=C(C=C4)C)C(C)(C)C
c1cc(Cl)ccc1C=NN(C)C,ClC1=CC=C(C=NN(C)C)C(=C1)B2OC(C)(C)C(O2)(C)C
c1cc(Cl)cc2c1OCO2,ClC=1C=C2OCOC2=C(C1)B3OC(C)(C)C(O3)(C)C
c1cc(C(=O)OC)ccc1C=O,O=CC1=CC=C(C=C1B2OC(C)(C)C(O2)(C)C)C(=O)OC
c1cc(C)c(C(=O)OCC)cc1F,O=C(OCC)C1=CC(F)=C(C=C1C)B2OC(C)(C)C(O2)(C)C
c1ccc(N(C)C)c(F)c1,FC1=CC(=CC=C1N(C)C)B2OC(C)(C)C(O2)(C)C
c1cc(Br)cc(C(F)(F)F)c1,FC(F)(F)C=1C=C(Br)C=C(C1)B2OC(C)(C)C(O2)(C)C
c1cc(Cl)ccc1C=O,O=CC1=CC=C(Cl)C=C1B2OC(C)(C)C(O2)(C)C
c1cc(-c2ccccc2)ccc1F,FC=1C=CC(=CC1B2OC(C)(C)C(O2)(C)C)C=3C=CC=CC3
C1CCC1(Cc1ccccc1)C(=O)Nc1c(F)c(F)c(C(F)(F)F)c(F)c1F,O=C(NC1=C(F)C(F)=C(C(F)=C1F)C(F)(F)F)C2(CC=3C=CC=CC3)CCC2B4OC(C)(C)C(O4)(C)C
c1cc(OCc2ccccc2)cc2cc[nH]c12,O1B(OC(C)(C)C1(C)C)C2=CC(OCC=3C=CC=CC3)=CC=4C=CNC42
c1ccc(C(=O)N(C(C)C)C(C)C)n1C,O=C(C1=CC=C(B2OC(C)(C)C(O2)(C)C)N1C)N(C(C)C)C(C)C
c1ccc(C(=O)OCC)nc1,O=C(OCC)C1=NC=C(C=C1)B2OC(C)(C)C(O2)(C)C
c1cc(Cl)c(Cl)cc1C#N,N#CC1=CC(Cl)=C(Cl)C=C1B2OC(C)(C)C(O2)(C)C
c1ccccc1C(=O)NC(C(=O)OC)C(C)C,O=C(OC)C(NC(=O)C=1C=CC=CC1B2OC(C)(C)C(O2)(C)C)C(C)C
C1CCCC1C(=O)Nc1c(F)c(F)c(C(F)(F)F)c(F)c1F,O=C(NC1=C(F)C(F)=C(C(F)=C1F)C(F)(F)F)C2CCCC2B3OC(C)(C)C(O3)(C)C
c1cccc(F)c1C(=O)Nc1c(F)c(F)c(C(F)(F)F)c(F)c1F,O=C(NC1=C(F)C(F)=C(C(F)=C1F)C(F)(F)F)C=2C(F)=CC=CC2B3OC(C)(C)C(O3)(C)C
c1cccc(Cl)c1NC(=O)C(C)(C)C,O=C(NC=1C(Cl)=CC=CC1B2OC(C)(C)C(O2)(C)C)C(C)(C)C
c1ccc(F)cc1C=O,O=CC1=CC(F)=CC=C1B2OC(C)(C)C(O2)(C)C
c1ccc(C(C)=O)c(C)c1,O=C(C1=CC=C(C=C1C)B2OC(C)(C)C(O2)(C)C)C
c1cc(C(F)(F)F)cc(C(F)(F)F)c1,FC(F)(F)C1=CC(=CC(=C1)C(F)(F)F)B2OC(C)(C)C(O2)(C)C
c1cccc(CN(C)C)c1F,FC=1C(=CC=CC1CN(C)C)B2OC(C)(C)C(O2)(C)C
c1cc(Cl)c(C)cc1O,ClC=1C=C(B2OC(C)(C)C(O2)(C)C)C(O)=CC1C
c1ccc(C(=O)OC)c(C(=O)N(CCCCCC)CCCCCC)c1,O=C(OC)C1=CC=C(C=C1C(=O)N(CCCCCC)CCCCCC)B2OC(C)(C)C(O2)(C)C
c1ccccc1SC,O1B(OC(C)(C)C1(C)C)C=2C=CC=CC2SC
c1cc(C=O)ccc1O,O=CC1=CC=C(O)C(=C1)B2OC(C)(C)C(O2)(C)C
c1ccc(C(C)=O)c(OC)c1,O=C(C1=CC=C(C=C1OC)B2OC(C)(C)C(O2)(C)C)C
c1cc(C(=O)N(CCCCCC)CCCCCC)cc(-c2ccccc2)c1,O=C(C1=CC(=CC(=C1)C=2C=CC=CC2)B3OC(C)(C)C(O3)(C)C)N(CCCCCC)CCCCCC
c1cc(C(=O)OC)cc(C(=O)OC)c1,O=C(OC)C1=CC(=CC(=C1)C(=O)OC)B2OC(C)(C)C(O2)(C)C
c1cc(F)c(C)cc1NC(=O)OC(C)(C)C,O=C(OC(C)(C)C)NC1=CC(=C(F)C=C1B2OC(C)(C)C(O2)(C)C)C
c1cn([Si](C)(C)C(C)(C)C)c2ncccc12,N1=CC=CC2=C1N(C=C2B3OC(C)(C)C(O3)(C)C)[Si](C)(C)C(C)(C)C
c1cc(Cl)cc(SC)c1,ClC=1C=C(SC)C=C(C1)B2OC(C)(C)C(O2)(C)C
c1cc(Cl)ccc1O,ClC1=CC=C(O)C(=C1)B2OC(C)(C)C(O2)(C)C
c1cc(Br)c(C(=O)OCC)c(Br)c1,O=C(OCC)C1=C(Br)C=C(C=C1Br)B2OC(C)(C)C(O2)(C)C
c1cccc(C)c1C=O,O=CC=1C(=CC=CC1C)B2OC(C)(C)C(O2)(C)C
c1ccc(OC)c2ccn(C(=O)C(C)(C)C)c12,O=C(N1C=CC=2C(OC)=CC=C(B3OC(C)(C)C(O3)(C)C)C21)C(C)(C)C
c1cccc(P(=O)(OCC)OCC)c1,O=P(OCC)(OCC)C=1C=CC=C(C1)B2OC(C)(C)C(O2)(C)C
c1cccc(Cl)c1C(=O)Nc1c(F)c(F)c(C(F)(F)F)c(F)c1F,O=C(NC1=C(F)C(F)=C(C(F)=C1F)C(F)(F)F)C=2C(Cl)=CC=CC2B3OC(C)(C)C(O3)(C)C
c1ccc(C(F)(F)F)c(CN(CC)C(=O)C(F)(F)F)c1,O=C(N(CC1=CC(=CC=C1C(F)(F)F)B2OC(C)(C)C(O2)(C)C)CC)C(F)(F)F
c1ccc(C)c(CNC(=O)C(F)(F)F)c1,O=C(NCC1=CC(=CC=C1C)B2OC(C)(C)C(O2)(C)C)C(F)(F)F
c1ccc(C)o1,O1C(=CC=C1C)B2OC(C)(C)C(O2)(C)C
c1ccc2c(c1)CCN2C,O1B(OC(C)(C)C1(C)C)C2=CC=C3C(=C2)CCN3C
c1ccc(C#N)cc1SC,N#CC1=CC=C(B2OC(C)(C)C(O2)(C)C)C(SC)=C1
c1cc(C=O)ccc1F,O=CC1=CC=C(F)C(=C1)B2OC(C)(C)C(O2)(C)C
c1cc(C(C)(C)C)ccc1C,O1B(OC(C)(C)C1(C)C)C2=CC(=CC=C2C)C(C)(C)C
c1cc()cc(C2CCCCC2NC(=O)C(F)(F)F)c1,O=C(NC1CCCCC1C=2C=C(C=C(C2)B3OC(C)(C)C(O3)(C)C)B4OC(C)(C)C(O4)(C)C)C(F)(F)F
c1cc(Br)ccc1Br,BrC1=CC=C(Br)C(=C1)B2OC(C)(C)C(O2)(C)C
c1ccc(Cl)c(Cl)c1,ClC1=CC=C(C=C1Cl)B2OC(C)(C)C(O2)(C)C
c1cc(N(C)C)cc(N(C)C)c1,O1B(OC(C)(C)C1(C)C)C=2C=C(C=C(C2)N(C)C)N(C)C
c1cc(I)cc2cc[nH]c12,IC1=CC=2C=CNC2C(=C1)B3OC(C)(C)C(O3)(C)C
c1cccc(C(=O)N(C2CCCCC2)C2CCCCC2)c1,O=C(C=1C=CC=C(C1)B2OC(C)(C)C(O2)(C)C)N(C3CCCCC3)C4CCCCC4
C1CC1(C(=O)Nc1c(F)c(F)c(C(F)(F)F)c(F)c1F)N1C(=O)c2ccccc2C1=O,O=C1C=2C=CC=CC2C(=O)N1C3(C(=O)NC4=C(F)C(F)=C(C(F)=C4F)C(F)(F)F)CC3B5OC(C)(C)C(O5)(C)C
c1cc(C=O)ccc1OCc1ccccc1,O=CC1=CC=C(OCC=2C=CC=CC2)C(=C1)B3OC(C)(C)C(O3)(C)C
CC(CC)(CC)C(=O)Nc1c(F)c(F)c(C(F)(F)F)c(F)c1F,O=C(NC1=C(F)C(F)=C(C(F)=C1F)C(F)(F)F)C(CB2OC(C)(C)C(O2)(C)C)(CC)CC
c1cncc(C(=O)N(C(C)C)C(C)C)c1,O=C(C=1C=NC=C(C1)B2OC(C)(C)C(O2)(C)C)N(C(C)C)C(C)C
c1ccc(C(F)(F)F)c(CCNS(C)(=O)=O)c1,O=S(=O)(NCCC1=CC(=CC=C1C(F)(F)F)B2OC(C)(C)C(O2)(C)C)C
C1CCCOC1,O1B(OC(C)(C)C1(C)C)C2COCCC2
c1ccc(C)c(C)c1,O1B(OC(C)(C)C1(C)C)C2=CC=C(C(=C2)C)C
c1cc(C(F)(F)F)ccc1NC(=O)OC(C)(C)C,O=C(OC(C)(C)C)NC1=CC=C(C=C1B2OC(C)(C)C(O2)(C)C)C(F)(F)F
c1ccc(Br)c(P(=O)(OCC)OCC)c1,O=P(OCC)(OCC)C1=CC(=CC=C1Br)B2OC(C)(C)C(O2)(C)C
c1cc(C)nc2ccc(Cl)cc12,ClC=1C=CC=2N=C(C=C(B3OC(C)(C)C(O3)(C)C)C2C1)C
c1cc(C)nc2cc(C(F)(F)F)ccc12,FC(F)(F)C=1C=CC2=C(N=C(C=C2B3OC(C)(C)C(O3)(C)C)C)C1
c1c[nH]nc1C,N=1NC=C(B2OC(C)(C)C(O2)(C)C)C1C
c1cc(O)ccc1F,FC1=CC=C(O)C=C1B2OC(C)(C)C(O2)(C)C
c1cc(OC)c(C(=O)OCC)cc1OC,O=C(OCC)C=1C=C(OC)C(=CC1OC)B2OC(C)(C)C(O2)(C)C
c1cc(F)cc(C(=O)N(CCCCCC)CCCCCC)c1,O=C(C=1C=C(F)C=C(C1)B2OC(C)(C)C(O2)(C)C)N(CCCCCC)CCCCCC
c1ccc(C(CC)(CC)O[Si](C)(C)C)cc1,O1B(OC(C)(C)C1(C)C)C2=CC=C(C=C2)C(O[Si](C)(C)C)(CC)CC
c1ccc(C(C)C)cc1,O1B(OC(C)(C)C1(C)C)C2=CC=C(C=C2)C(C)C
c1ccc(Br)c(CCCNC(=O)C(F)(F)F)c1,O=C(NCCCC1=CC(=CC=C1Br)B2OC(C)(C)C(O2)(C)C)C(F)(F)F
c1ccc(C(F)(F)F)c(CNC(=O)C(F)(F)F)c1,O=C(NCC1=CC(=CC=C1C(F)(F)F)B2OC(C)(C)C(O2)(C)C)C(F)(F)F
c1cc(Br)cc(C(=O)N(CCCCCC)CCCCCC)c1,O=C(C=1C=C(Br)C=C(C1)B2OC(C)(C)C(O2)(C)C)N(CCCCCC)CCCCCC
c1cc(SC)cc([Si](C)(C)C)c1,O1B(OC(C)(C)C1(C)C)C2=CC(SC)=CC(=C2)[Si](C)(C)C
c1cn([Si](C(C)C)(C(C)C)C(C)C)c2cc(F)ccc12,FC=1C=CC=2C(=CN(C2C1)[Si](C(C)C)(C(C)C)C(C)C)B3OC(C)(C)C(O3)(C)C
c1ccc(C(C)(c2ccc(OC)cc2)c2ccc(OC)cc2)cc1,O(C1=CC=C(C=C1)C(C2=CC=C(OC)C=C2)(C3=CC=C(C=C3)B4OC(C)(C)C(O4)(C)C)C)C
c1ccc2c(c1)CCC2NC(=O)C(F)(F)F,O=C(NC1C2=CC=C(C=C2CC1)B3OC(C)(C)C(O3)(C)C)C(F)(F)F
c1ccc(Br)c2c1c(C(=O)C(C)(C)C)cn2S(=O)(=O)c1ccc(C)cc1,O=C(C1=CN(C=2C(Br)=CC=C(B3OC(C)(C)C(O3)(C)C)C12)S(=O)(=O)C4=CC=C(C=C4)C)C(C)(C)C
c1cc(Cl)cc2cc(C)[nH]c12,ClC1=CC=2C=C(NC2C(=C1)B3OC(C)(C)C(O3)(C)C)C
c1ccc(N(C)C)cc1Cl,ClC1=CC(=CC=C1B2OC(C)(C)C(O2)(C)C)N(C)C
c1cccc2cc(C(=O)OCC)[nH]c12,O=C(OCC)C1=CC=2C=CC=C(B3OC(C)(C)C(O3)(C)C)C2N1
c1ccccc1-c1nccc2ccccc12,N=1C=CC=2C=CC=CC2C1C=3C=CC=CC3B4OC(C)(C)C(O4)(C)C
c1ccc2c(c1)CCCN2C,O1B(OC(C)(C)C1(C)C)C2=CC=C3C(=C2)CCCN3C
c1ccsc1NC(=O)C(C)(C)C,O=C(NC=1SC=CC1B2OC(C)(C)C(O2)(C)C)C(C)(C)C
c1cnc(C)nc1,N=1C=C(C=NC1C)B2OC(C)(C)C(O2)(C)C
c1cc(C)nc2ccc(OC)cc12,N=1C=2C=CC(OC)=CC2C(=CC1C)B3OC(C)(C)C(O3)(C)C
c1cccc2c1NCCC2,O1B(OC(C)(C)C1(C)C)C2=CC=CC3=C2NCCC3
c1cc(Br)cc(OC)c1,BrC=1C=C(OC)C=C(C1)B2OC(C)(C)C(O2)(C)C
CCCCCC1CCCCC1,O1B(OC(C)(C)C1(C)C)CCCCCC2CCCCC2
c1cccc2nc(-c3ccc(C)cc3)oc12,N1=C(OC2=C1C=CC=C2B3OC(C)(C)C(O3)(C)C)C4=CC=C(C=C4)C
c1cc(C)nc2cc([Si](C)(C)C)ccc12,N=1C=2C=C(C=CC2C(=CC1C)B3OC(C)(C)C(O3)(C)C)[Si](C)(C)C
c1cc(Br)cc(C#N)c1,N#CC1=CC(Br)=CC(=C1)B2OC(C)(C)C(O2)(C)C
c1ccc(Br)c(CCN(CC)C(=O)C(F)(F)F)c1,O=C(N(CC)CCC1=CC(=CC=C1Br)B2OC(C)(C)C(O2)(C)C)C(F)(F)F
c1cccc(CC)c1,O1B(OC(C)(C)C1(C)C)C2=CC=CC(=C2)CC
c1cccc2cc(-c3ccccc3)[nH]c12,O1B(OC(C)(C)C1(C)C)C2=CC=CC=3C=C(NC32)C=4C=CC=CC4
c1ccc(CCNC(=O)C(F)(F)F)c(OC)c1,O=C(NCCC1=CC=C(C=C1OC)B2OC(C)(C)C(O2)(C)C)C(F)(F)F
C1CC1C(=O)Nc1c(F)c(F)c(C(F)(F)F)c(F)c1F,O=C(NC1=C(F)C(F)=C(C(F)=C1F)C(F)(F)F)C2CC2B3OC(C)(C)C(O3)(C)C
c1ccc(CNC(=O)C(C)(C)C)c(C(F)(F)F)c1,O=C(NCC1=CC=C(C=C1C(F)(F)F)B2OC(C)(C)C(O2)(C)C)C(C)(C)C
c1cc(C)c(C)c(C(=O)N(C(C)C)C(C)C)c1,O=C(C1=CC(=CC(=C1C)C)B2OC(C)(C)C(O2)(C)C)N(C(C)C)C(C)C
c1cc(I)ccc1NC(=O)C(C)(C)C,O=C(NC1=CC=C(I)C=C1B2OC(C)(C)C(O2)(C)C)C(C)(C)C
c1cc(C(F)(F)F)ccc1C(=O)NCc1ccccc1,O=C(NCC=1C=CC=CC1)C2=CC=C(C=C2B3OC(C)(C)C(O3)(C)C)C(F)(F)F
c1cc(Cl)cc(N(C)C(=O)OC(C)(C)C)c1,O=C(OC(C)(C)C)N(C=1C=C(Cl)C=C(C1)B2OC(C)(C)C(O2)(C)C)C
c1cc(Cl)ccc1C(=O)Nc1c(F)c(F)c(C(F)(F)F)c(F)c1F,O=C(NC1=C(F)C(F)=C(C(F)=C1F)C(F)(F)F)C2=CC=C(Cl)C=C2B3OC(C)(C)C(O3)(C)C
c1ccc(Cl)cc1NC(=O)OC(C)(C)C,O=C(OC(C)(C)C)NC1=CC(Cl)=CC=C1B2OC(C)(C)C(O2)(C)C
c1ccc(C)cc1NC(=O)C(C)(C)C,O=C(NC1=CC(=CC=C1B2OC(C)(C)C(O2)(C)C)C)C(C)(C)C
C1CCC1(CO[Si](C)(C)C(C)(C)C)C(=O)Nc1c(F)c(F)c(C(F)(F)F)c(F)c1F,O=C(NC1=C(F)C(F)=C(C(F)=C1F)C(F)(F)F)C2(CO[Si](C)(C)C(C)(C)C)CCC2B3OC(C)(C)C(O3)(C)C
c1cc(C)c(C)cc1O,OC=1C=C(C(=CC1B2OC(C)(C)C(O2)(C)C)C)C
c1ccnc(CCCNC(=O)C(F)(F)F)c1,O=C(NCCCC1=NC=CC(=C1)B2OC(C)(C)C(O2)(C)C)C(F)(F)F
c1c[nH]c2cc(OC)ccc12,O(C=1C=CC2=C(C1)NC=C2B3OC(C)(C)C(O3)(C)C)C
c1cc(F)ccc1C=O,O=CC1=CC=C(F)C=C1B2OC(C)(C)C(O2)(C)C
c1ccc2ccccc2c1-c1ncccc1C,N=1C=CC=C(C1C=2C(=CC=C3C=CC=CC32)B4OC(C)(C)C(O4)(C)C)C
c1ccnc(OC)c1,N=1C=CC(=CC1OC)B2OC(C)(C)C(O2)(C)C
c1cc(C(=O)OCC)ccc1F,O=C(OCC)C1=CC=C(F)C(=C1)B2OC(C)(C)C(O2)(C)C
c1cc(SC)cc(C(=O)N(C)C)c1,O=C(C=1C=C(SC)C=C(C1)B2OC(C)(C)C(O2)(C)C)N(C)C
c1cc(OC)cc(SC)c1,O(C=1C=C(SC)C=C(C1)B2OC(C)(C)C(O2)(C)C)C
c1c(Br)ccc2ccn(C(=O)C(C)(C)C)c12,O=C(N1C=CC=2C=CC(Br)=C(B3OC(C)(C)C(O3)(C)C)C21)C(C)(C)C
c1ccc(C(=O)OCC)s1,O=C(OCC)C=1SC(=CC1)B2OC(C)(C)C(O2)(C)C
CCCCCCCCCCCCCCCCO,OCCCCCCCCCCCCCCCCB1OC(C)(C)C(O1)(C)C
c1c[nH]c2ncccc12,N1=CC=CC2=C1NC=C2B3OC(C)(C)C(O3)(C)C
c1cc(Cl)ccc1SC,ClC1=CC=C(SC)C(=C1)B2OC(C)(C)C(O2)(C)C
c1cccc2c1Nc1ccccc1S2,O1B(OC(C)(C)C1(C)C)C=2C=CC=C3SC=4C=CC=CC4NC32
c1ccc(Br)c(C(=O)N2CCOCC2)c1,O=C(C1=CC(=CC=C1Br)B2OC(C)(C)C(O2)(C)C)N3CCOCC3
c1ccc(C(=O)OC)c(CCCNC(=O)C(F)(F)F)c1,O=C(OC)C1=CC=C(C=C1CCCNC(=O)C(F)(F)F)B2OC(C)(C)C(O2)(C)C
c1ccc2c(C#N)cn([Si](C(C)C)(C(C)C)C(C)C)c2c1,N#CC1=CN(C=2C=C(C=CC12)B3OC(C)(C)C(O3)(C)C)[Si](C(C)C)(C(C)C)C(C)C
C(CC)CCC(=O)OCC,O=C(OCC)CCC(B1OC(C)(C)C(O1)(C)C)CC
c1cc(OC)cc2cc[nH]c12,O(C1=CC=2C=CNC2C(=C1)B3OC(C)(C)C(O3)(C)C)C
c1cc(C#Cc2ccccc2)ccc1NC(=O)C(C)(C)C,O=C(NC1=CC=C(C#CC=2C=CC=CC2)C=C1B3OC(C)(C)C(O3)(C)C)C(C)(C)C
C1CCCCC1C(=O)Nc1c(F)c(F)c(C(F)(F)F)c(F)c1F,O=C(NC1=C(F)C(F)=C(C(F)=C1F)C(F)(F)F)C2CCCCC2B3OC(C)(C)C(O3)(C)C
c1ccc(CO)c(CNC(=O)C(F)(F)F)c1,O=C(NCC1=CC(=CC=C1CO)B2OC(C)(C)C(O2)(C)C)C(F)(F)F
c1ccccc1C(=O)NC,O=C(NC)C=1C=CC=CC1B2OC(C)(C)C(O2)(C)C
c1ccc(Cl)cc1C(=O)NCc1ccccc1,O=C(NCC=1C=CC=CC1)C2=CC(Cl)=CC=C2B3OC(C)(C)C(O3)(C)C
CC(C)(Cc1ccccc1)C(=O)Nc1c(F)c(F)c(C(F)(F)F)c(F)c1F,O=C(NC1=C(F)C(F)=C(C(F)=C1F)C(F)(F)F)C(C)(CB2OC(C)(C)C(O2)(C)C)CC=3C=CC=CC3
c1ccc(C(=O)OCC)c(N(C)C)c1,O=C(OCC)C1=CC=C(C=C1N(C)C)B2OC(C)(C)C(O2)(C)C
c1cc(F)c(C(=O)OCC)cc1F,O=C(OCC)C=1C=C(F)C(=CC1F)B2OC(C)(C)C(O2)(C)C
c1cn([Si](C(C)C)(C(C)C)C(C)C)c2ccc(C)cc12,O1B(OC(C)(C)C1(C)C)C2=CN(C=3C=CC(=CC23)C)[Si](C(C)C)(C(C)C)C(C)C
c1cc(Br)ccc1O,BrC1=CC=C(O)C(=C1)B2OC(C)(C)C(O2)(C)C
c1ccc(C(=O)OCC)c(C(F)(F)F)c1,O=C(OCC)C1=CC=C(C=C1C(F)(F)F)B2OC(C)(C)C(O2)(C)C
c1ccc(CNC(=O)C(F)(F)F)c(OC)c1,O=C(NCC1=CC=C(C=C1OC)B2OC(C)(C)C(O2)(C)C)C(F)(F)F
c1cccc2cc(C(=O)N(CCCCCC)CCCCCC)[nH]c12,O=C(C1=CC=2C=CC=C(B3OC(C)(C)C(O3)(C)C)C2N1)N(CCCCCC)CCCCCC
c1cc(C(F)(F)F)n[nH]1,FC(F)(F)C1=NNC(=C1)B2OC(C)(C)C(O2)(C)C
c1ccc(C(=O)OC)cc1SC,O=C(OC)C1=CC=C(B2OC(C)(C)C(O2)(C)C)C(SC)=C1
c1cc(Cl)c2nc(C)[nH]c2c1,ClC1=CC(=CC=2NC(=NC12)C)B3OC(C)(C)C(O3)(C)C
c1ccc(C)c(CCNC(=O)C(F)(F)F)c1,O=C(NCCC1=CC(=CC=C1C)B2OC(C)(C)C(O2)(C)C)C(F)(F)F
c1cc(F)ccc1C=NN(C)C,FC1=CC=C(C=NN(C)C)C(=C1)B2OC(C)(C)C(O2)(C)C
c1ccc(C(CC)(C(=O)OCC)C(=O)OCC)cc1,O=C(OCC)C(C(=O)OCC)(C1=CC=C(C=C1)B2OC(C)(C)C(O2)(C)C)CC
c1cc(C)cc2c1c(C(=O)C(C)(C)C)cn2S(=O)(=O)c1ccc(C)cc1,O=C(C1=CN(C=2C=C(C=C(B3OC(C)(C)C(O3)(C)C)C12)C)S(=O)(=O)C4=CC=C(C=C4)C)C(C)(C)C
c1cc(C(=O)N(C(C)C)C(C)C)c(F)cc1F,O=C(C1=CC(B2OC(C)(C)C(O2)(C)C)=C(F)C=C1F)N(C(C)C)C(C)C
c1ccc(C#N)c(C)c1,N#CC1=CC=C(C=C1C)B2OC(C)(C)C(O2)(C)C
C1CC1C(=O)OC(C)(C)C,O=C(OC(C)(C)C)C1CC1B2OC(C)(C)C(O2)(C)C
c1cc(C)nc2ccc(Br)cc12,BrC=1C=CC=2N=C(C=C(B3OC(C)(C)C(O3)(C)C)C2C1)C
c1cc(OC)cc2cc(C)[nH]c12,O(C1=CC=2C=C(NC2C(=C1)B3OC(C)(C)C(O3)(C)C)C)C
c1cc2cccc(C(=O)OCC)c2[nH]1,O=C(OCC)C1=CC=CC=2C=C(NC21)B3OC(C)(C)C(O3)(C)C
C1CC2(C(=O)OC)CCC1(C(=O)Nc1c(F)c(F)c(C(F)(F)F)c(F)c1F)CC2,O=C(OC)C12CCC(C(=O)NC3=C(F)C(F)=C(C(F)=C3F)C(F)(F)F)(CC1)C(B4OC(C)(C)C(O4)(C)C)C2
CCCCCCN1CCCCC1,O1B(OC(C)(C)C1(C)C)CCCCCCN2CCCCC2
c1c(F)ccc2ccn(C(=O)C(C)(C)C)c12,O=C(N1C=CC=2C=CC(F)=C(B3OC(C)(C)C(O3)(C)C)C21)C(C)(C)C
c1cc2cc(F)ccc2n1C,FC=1C=CC2=C(C1)C=C(B3OC(C)(C)C(O3)(C)C)N2C
C1CCC1(CCCC)C(=O)Nc1c(F)c(F)c(C(F)(F)F)c(F)c1F,O=C(NC1=C(F)C(F)=C(C(F)=C1F)C(F)(F)F)C2(CCCC)CCC2B3OC(C)(C)C(O3)(C)C
c1c[nH]c2cccc(C)c12,O1B(OC(C)(C)C1(C)C)C2=CNC3=CC=CC(=C32)C
c1ccc(Cl)c2ccn(C(=O)C(C)(C)C)c12,O=C(N1C=CC=2C(Cl)=CC=C(B3OC(C)(C)C(O3)(C)C)C21)C(C)(C)C
c1ccc(CCCNC(=O)C(F)(F)F)c(-c2ccc(C)cc2)c1,O=C(NCCCC1=CC=C(C=C1C=2C=CC(=CC2)C)B3OC(C)(C)C(O3)(C)C)C(F)(F)F
c1cccc2c(C(=O)OCC)c(C)[nH]c12,O=C(OCC)C=1C=2C=CC=C(B3OC(C)(C)C(O3)(C)C)C2NC1C
C1CC1NC(=O)C(C)(C)C,O=C(NC1CC1B2OC(C)(C)C(O2)(C)C)C(C)(C)C
c1cc(Cl)nc(Cl)c1,ClC=1N=C(Cl)C=C(C1)B2OC(C)(C)C(O2)(C)C
c1ccc(C(=O)N(C)C)cc1SC,O=C(C1=CC=C(B2OC(C)(C)C(O2)(C)C)C(SC)=C1)N(C)C
c1cc(C)ccc1O,OC1=CC=C(C=C1B2OC(C)(C)C(O2)(C)C)C
CC(C)(CC)C(=O)Nc1c(F)c(F)c(C(F)(F)F)c(F)c1F,O=C(NC1=C(F)C(F)=C(C(F)=C1F)C(F)(F)F)C(C)(CB2OC(C)(C)C(O2)(C)C)CC
c1ccc(NC(C)=O)c(Br)c1,O=C(NC1=CC=C(C=C1Br)B2OC(C)(C)C(O2)(C)C)C
c1cc(C#N)ccc1NC(=O)C(C)(C)C,N#CC1=CC=C(NC(=O)C(C)(C)C)C(=C1)B2OC(C)(C)C(O2)(C)C
c1cc(F)cc(CCCNC(=O)C(F)(F)F)c1,O=C(NCCCC=1C=C(F)C=C(C1)B2OC(C)(C)C(O2)(C)C)C(F)(F)F
c1cc(C(F)(F)F)ccc1C(=O)NC,O=C(NC)C1=CC=C(C=C1B2OC(C)(C)C(O2)(C)C)C(F)(F)F
c1ccc(OC)cc1SC,O(C1=CC=C(B2OC(C)(C)C(O2)(C)C)C(SC)=C1)C
C1CCCN(C(=O)C(C)(C)C)C1,O=C(N1CCCC(B2OC(C)(C)C(O2)(C)C)C1)C(C)(C)C
c1ccnc(N(C)C)c1,N=1C=CC(=CC1N(C)C)B2OC(C)(C)C(O2)(C)C
c1ccc(Cl)cc1C(=O)Nc1c(F)c(F)c(C(F)(F)F)c(F)c1F,O=C(NC1=C(F)C(F)=C(C(F)=C1F)C(F)(F)F)C2=CC(Cl)=CC=C2B3OC(C)(C)C(O3)(C)C
c1cc(Br)c(C(=O)OCC)cc1F,O=C(OCC)C1=CC(F)=C(C=C1Br)B2OC(C)(C)C(O2)(C)C
C1CCC1(CC(C)C)C(=O)Nc1c(F)c(F)c(C(F)(F)F)c(F)c1F,O=C(NC1=C(F)C(F)=C(C(F)=C1F)C(F)(F)F)C2(CCC2B3OC(C)(C)C(O3)(C)C)CC(C)C
c1ccc(F)cc1C(=O)Nc1c(F)c(F)c(C(F)(F)F)c(F)c1F,O=C(NC1=C(F)C(F)=C(C(F)=C1F)C(F)(F)F)C2=CC(F)=CC=C2B3OC(C)(C)C(O3)(C)C
c1ccc(S(=O)(=O)N(C)C)cc1F,O=S(=O)(C1=CC=C(B2OC(C)(C)C(O2)(C)C)C(F)=C1)N(C)C
c1cc(C)cc(OC)n1,N=1C(OC)=CC(=CC1B2OC(C)(C)C(O2)(C)C)C
c1ccc(CNS(=O)(=O)c2ccc(C)cc2)c(C(F)(F)F)c1,O=S(=O)(NCC1=CC=C(C=C1C(F)(F)F)B2OC(C)(C)C(O2)(C)C)C3=CC=C(C=C3)C
c1ccc(Br)c(Br)c1,BrC1=CC=C(C=C1Br)B2OC(C)(C)C(O2)(C)C
c1cc(OC)cc(OC)c1,O(C=1C=C(OC)C=C(C1)B2OC(C)(C)C(O2)(C)C)C
C1CC2(c3cccc(OC)c3)CCC1(C(=O)Nc1c(F)c(F)c(C(F)(F)F)c(F)c1F)CO2,O=C(NC1=C(F)C(F)=C(C(F)=C1F)C(F)(F)F)C23COC(C=4C=CC=C(OC)C4)(CC2)CC3B5OC(C)(C)C(O5)(C)C
c1ccc(Cl)cc1SC,ClC1=CC=C(B2OC(C)(C)C(O2)(C)C)C(SC)=C1
CC(CC)(Cc1ccccc1)C(=O)Nc1c(F)c(F)c(C(F)(F)F)c(F)c1F,O=C(NC1=C(F)C(F)=C(C(F)=C1F)C(F)(F)F)C(CB2OC(C)(C)C(O2)(C)C)(CC=3C=CC=CC3)CC
c1cc(Br)cc2cc[nH]c12,BrC1=CC=2C=CNC2C(=C1)B3OC(C)(C)C(O3)(C)C
CCCCCCCCOC(C)(C)C,O1B(OC(C)(C)C1(C)C)CCCCCCCCOC(C)(C)C
c1ccccc1C(=O)Nc1c(F)c(F)c(C(F)(F)F)c(F)c1F,O=C(NC1=C(F)C(F)=C(C(F)=C1F)C(F)(F)F)C=2C=CC=CC2B3OC(C)(C)C(O3)(C)C
c1cccc2cc(C(=O)N(CC)CC)[nH]c12,O=C(C1=CC=2C=CC=C(B3OC(C)(C)C(O3)(C)C)C2N1)N(CC)CC
c1c[nH]c2ncc(Br)cc12,BrC=1C=NC=2NC=C(B3OC(C)(C)C(O3)(C)C)C2C1
c1ccc(Cl)c(CNC(=O)C(F)(F)F)c1,O=C(NCC1=CC(=CC=C1Cl)B2OC(C)(C)C(O2)(C)C)C(F)(F)F
c1ccc(C)c2ccn(C(=O)C(C)(C)C)c12,O=C(N1C=CC=2C(=CC=C(B3OC(C)(C)C(O3)(C)C)C21)C)C(C)(C)C
c1cc(-c2ccccc2)ccc1SC,O1B(OC(C)(C)C1(C)C)C=2C=C(C=CC2SC)C=3C=CC=CC3
c1cc(C)n(C)c1C#N,N#CC1=C(C=C(N1C)C)B2OC(C)(C)C(O2)(C)C
c1ccnc(CC(=O)OCC)c1,O=C(OCC)CC1=NC=CC(=C1)B2OC(C)(C)C(O2)(C)C
c1ccccc1N(C)C(=O)C(C)(C)C,O=C(N(C=1C=CC=CC1B2OC(C)(C)C(O2)(C)C)C)C(C)(C)C
c1c(Br)ccc2cc[nH]c12,BrC=1C=CC=2C=CNC2C1B3OC(C)(C)C(O3)(C)C
c1cc(OC)ccc1C=NN(C)C,N(=CC1=CC=C(OC)C=C1B2OC(C)(C)C(O2)(C)C)N(C)C
C(CC)CCC(=O)OC(C)(C)C,O=C(OC(C)(C)C)CCC(B1OC(C)(C)C(O1)(C)C)CC
c1ccc(C)c(P(=O)(OCC)OCC)c1,O=P(OCC)(OCC)C1=CC(=CC=C1C)B2OC(C)(C)C(O2)(C)C
c1ccc(Br)cc1SC,BrC1=CC=C(B2OC(C)(C)C(O2)(C)C)C(SC)=C1
c1ccc(Cl)c(OC)c1,ClC1=CC=C(C=C1OC)B2OC(C)(C)C(O2)(C)C
c1ccc(C(=O)OC)c(CCNC(=O)C(F)(F)F)c1,O=C(OC)C1=CC=C(C=C1CCNC(=O)C(F)(F)F)B2OC(C)(C)C(O2)(C)C
c1cccc(OC)c1-c1nccc2ccccc12,N=1C=CC=2C=CC=CC2C1C=3C(OC)=CC=CC3B4OC(C)(C)C(O4)(C)C
c1cc(OC)c(OC)c(OC)c1,O(C=1C=C(C=C(OC)C1OC)B2OC(C)(C)C(O2)(C)C)C
c1cccn1C,O1B(OC(C)(C)C1(C)C)C2=CC=CN2C
c1cc(F)cc(C(=O)N(C(C)C)C(C)C)c1,O=C(C=1C=C(F)C=C(C1)B2OC(C)(C)C(O2)(C)C)N(C(C)C)C(C)C
C(CC)CCC(=O)Nc1cccc2ccccc12,O=C(NC1=CC=CC=2C=CC=CC21)CCC(B3OC(C)(C)C(O3)(C)C)CC
c1cn([Si](C(C)C)(C(C)C)C(C)C)c2ccc(Cl)cc12,ClC=1C=CC2=C(C1)C(=CN2[Si](C(C)C)(C(C)C)C(C)C)B3OC(C)(C)C(O3)(C)C
c1ccc(CNC(=O)C(F)(F)F)c(Cl)c1,O=C(NCC1=CC=C(C=C1Cl)B2OC(C)(C)C(O2)(C)C)C(F)(F)F
c1ccc2ccccc2c1-c1nccc2ccccc12,N=1C=CC=2C=CC=CC2C1C=3C(=CC=C4C=CC=CC43)B5OC(C)(C)C(O5)(C)C
c1ccn([Si](C(C)C)(C(C)C)C(C)C)c1,O1B(OC(C)(C)C1(C)C)C=2C=CN(C2)[Si](C(C)C)(C(C)C)C(C)C
c1ccc(C(=O)N(CCCCCC)CCCCCC)s1,O=C(C=1SC(=CC1)B2OC(C)(C)C(O2)(C)C)N(CCCCCC)CCCCCC
c1cccc(C)c1F,FC=1C(=CC=CC1C)B2OC(C)(C)C(O2)(C)C
c1cccc2c1Nc1cc(Cl)ccc1S2,ClC1=CC=C2SC3=CC=CC(B4OC(C)(C)C(O4)(C)C)=C3NC2=C1
c1ccc(C(=O)OCC)o1,O=C(OCC)C=1OC(=CC1)B2OC(C)(C)C(O2)(C)C
c1ccc(NC(C)=O)c(Cl)c1,O=C(NC1=CC=C(C=C1Cl)B2OC(C)(C)C(O2)(C)C)C
c1cc(C)cc(Br)c1,BrC=1C=C(C=C(C1)C)B2OC(C)(C)C(O2)(C)C
c1cccc(C(=O)N2CCCC2)c1,O=C(C=1C=CC=C(C1)B2OC(C)(C)C(O2)(C)C)N3CCCC3
c1cc(Br)cc2nc(C)oc12,BrC1=CC=2N=C(OC2C(=C1)B3OC(C)(C)C(O3)(C)C)C
c1cc(C(=O)N(C(C)C)C(C)C)c2ccccc2c1,O=C(C1=CC(=CC=2C=CC=CC21)B3OC(C)(C)C(O3)(C)C)N(C(C)C)C(C)C
c1cc(Br)ccc1SC,BrC1=CC=C(SC)C(=C1)B2OC(C)(C)C(O2)(C)C
c1ccc(Cl)c(CCNC(=O)C(F)(F)F)c1,O=C(NCCC1=CC(=CC=C1Cl)B2OC(C)(C)C(O2)(C)C)C(F)(F)F
C1CCC1(CC)C(=O)Nc1c(F)c(F)c(C(F)(F)F)c(F)c1F,O=C(NC1=C(F)C(F)=C(C(F)=C1F)C(F)(F)F)C2(CC)CCC2B3OC(C)(C)C(O3)(C)C
c1ccc(CCCNC(=O)C(F)(F)F)c(Cl)c1,O=C(NCCCC1=CC=C(C=C1Cl)B2OC(C)(C)C(O2)(C)C)C(F)(F)F
CC1(C(=O)Nc2c(F)c(F)c(C(F)(F)F)c(F)c2F)CCCCCC1,O=C(NC1=C(F)C(F)=C(C(F)=C1F)C(F)(F)F)C2(CB3OC(C)(C)C(O3)(C)C)CCCCCC2
c1cc(C)c2c(c1)CCCN2C,O1B(OC(C)(C)C1(C)C)C=2C=C(C3=C(C2)CCCN3C)C
c1cc(Cl)cc(C(=O)N(C(C)C)C(C)C)c1,O=C(C=1C=C(Cl)C=C(C1)B2OC(C)(C)C(O2)(C)C)N(C(C)C)C(C)C
c1cc(C)nc2cc(C#N)ccc12,N#CC=1C=CC2=C(N=C(C=C2B3OC(C)(C)C(O3)(C)C)C)C1
c1cc(Cl)ccc1C(=O)NC,O=C(NC)C1=CC=C(Cl)C=C1B2OC(C)(C)C(O2)(C)C
c1cnc(Cl)c(C(=O)N(C(C)C)C(C)C)c1,O=C(C1=CC(=CN=C1Cl)B2OC(C)(C)C(O2)(C)C)N(C(C)C)C(C)C
c1cc(C(=O)OC)ccc1C(=O)NCc1ccccc1,O=C(OC)C1=CC=C(C(=O)NCC=2C=CC=CC2)C(=C1)B3OC(C)(C)C(O3)(C)C
c1cc(Cl)ccc1C(=O)NCc1ccccc1,O=C(NCC=1C=CC=CC1)C2=CC=C(Cl)C=C2B3OC(C)(C)C(O3)(C)C
c1cc(Cl)cc(NC(=O)CC(C)(C)C)c1,O=C(NC1=CC(Cl)=CC(=C1)B2OC(C)(C)C(O2)(C)C)CC(C)(C)C
c1ccc(-c2ccccc2)c(C(=O)N(C(C)C)C(C)C)c1,O=C(C=1C=C(C=CC1C=2C=CC=CC2)B3OC(C)(C)C(O3)(C)C)N(C(C)C)C(C)C
c1cccc2nc(-c3ccc(OC)cc3)oc12,N1=C(OC2=C1C=CC=C2B3OC(C)(C)C(O3)(C)C)C4=CC=C(OC)C=C4
c1cccc(N(C)C(=O)OC(C)(C)C)c1,O=C(OC(C)(C)C)N(C=1C=CC=C(C1)B2OC(C)(C)C(O2)(C)C)C
C1CCC1(C(=O)Nc1c(F)c(F)c(C(F)(F)F)c(F)c1F)C(C)C,O=C(NC1=C(F)C(F)=C(C(F)=C1F)C(F)(F)F)C2(CCC2B3OC(C)(C)C(O3)(C)C)C(C)C
CC(C)c1cc()cc(Br)c1,BrC=1C=C(C=C(C1)C(C)CB2OC(C)(C)C(O2)(C)C)B3OC(C)(C)C(O3)(C)C
c1ccc(C)c2nc(C)oc12,N1=C(OC=2C1=C(C=CC2B3OC(C)(C)C(O3)(C)C)C)C
c1cc(C)nc(C)c1,N=1C(=CC(=CC1C)B2OC(C)(C)C(O2)(C)C)C
c1cc(C)c(C(=O)OCC)c(C)c1,O=C(OCC)C=1C(=CC(=CC1C)B2OC(C)(C)C(O2)(C)C)C
CC(C)(C)C(=O)Nc1c(F)c(F)c(C(F)(F)F)c(F)c1F,O=C(NC1=C(F)C(F)=C(C(F)=C1F)C(F)(F)F)C(C)(C)CB2OC(C)(C)C(O2)(C)C
c1ccc(C2OCCO2)cc1SC,O1B(OC(C)(C)C1(C)C)C2=CC=C(C=C2SC)C3OCCO3
c1ccc(OCc2ccccc2)cc1C(=O)NCc1ccccc1,O=C(NCC=1C=CC=CC1)C2=CC(OCC=3C=CC=CC3)=CC=C2B4OC(C)(C)C(O4)(C)C
c1cc(Cl)cc(C=O)c1,O=CC1=CC(Cl)=CC(=C1)B2OC(C)(C)C(O2)(C)C
c1cc(C=O)c(OC)c(OC)c1,O=CC1=CC(=CC(OC)=C1OC)B2OC(C)(C)C(O2)(C)C
CCCCCCCCC1OCC(C)(C)CO1,O1B(OC(C)(C)C1(C)C)CCCCCCCCC2OCC(C)(C)CO2
c1cc(I)cc2ccn(C(=O)C(C)(C)C)c12,O=C(N1C=CC=2C=C(I)C=C(B3OC(C)(C)C(O3)(C)C)C21)C(C)(C)C
c1cc(C(=O)OCC)ccc1O,O=C(OCC)C1=CC=C(O)C(=C1)B2OC(C)(C)C(O2)(C)C
c1cc2c(C#N)ccc()c2[nH]1,N#CC1=CC=C(B2OC(C)(C)C(O2)(C)C)C=3NC(=CC13)B4OC(C)(C)C(O4)(C)C
c1cccc2c1N(C(=O)C(C)(C)C)CCC2,O=C(N1C=2C(=CC=CC2CCC1)B3OC(C)(C)C(O3)(C)C)C(C)(C)C
c1cc(C)nc2cc(Cl)ccc12,ClC=1C=CC2=C(N=C(C=C2B3OC(C)(C)C(O3)(C)C)C)C1
c1ccc(C(=O)N(CCCCCC)CCCCCC)n1C,O=C(C1=CC=C(B2OC(C)(C)C(O2)(C)C)N1C)N(CCCCCC)CCCCCC
c1c(Cl)ccc2c1c(C(=O)C(C)(C)C)cn2S(=O)(=O)c1ccc(C)cc1,O=C(C1=CN(C2=CC=C(Cl)C(B3OC(C)(C)C(O3)(C)C)=C12)S(=O)(=O)C4=CC=C(C=C4)C)C(C)(C)C
C(CC)CCC(=O)N(Cc1ccccc1)Cc1ccccc1,O=C(N(CC=1C=CC=CC1)CC=2C=CC=CC2)CCC(B3OC(C)(C)C(O3)(C)C)CC
c1cc(C)ccc1C(=O)NC,O=C(NC)C1=CC=C(C=C1B2OC(C)(C)C(O2)(C)C)C
c1cc(O)cc(C(=O)OCC)c1,O=C(OCC)C=1C=C(O)C=C(C1)B2OC(C)(C)C(O2)(C)C
c1cc(C)cc(OC)c1O,OC1=C(OC)C=C(C=C1B2OC(C)(C)C(O2)(C)C)C
c1ccc(OC)c(C(=O)N(CCCCCC)CCCCCC)c1,O=C(C1=CC(=CC=C1OC)B2OC(C)(C)C(O2)(C)C)N(CCCCCC)CCCCCC
CC(C)c1ccc(C(C)C)cc1,O1B(OC(C)(C)C1(C)C)CC(C2=CC=C(C=C2)C(C)C)C
c1ccnc(CNC(=O)C(F)(F)F)c1,O=C(NCC1=NC=CC(=C1)B2OC(C)(C)C(O2)(C)C)C(F)(F)F
c1cc(F)cc(CCNC(=O)C(F)(F)F)c1,O=C(NCCC=1C=C(F)C=C(C1)B2OC(C)(C)C(O2)(C)C)C(F)(F)F
c1ccc(OC)c(CNC(=O)C(F)(F)F)c1,O=C(NCC1=CC(=CC=C1OC)B2OC(C)(C)C(O2)(C)C)C(F)(F)F
c1sc2ccc(Cl)cc2c1C,ClC=1C=CC=2SC(B3OC(C)(C)C(O3)(C)C)=C(C2C1)C
c1ccc(C)c(CCCNC(=O)C(F)(F)F)c1,O=C(NCCCC1=CC(=CC=C1C)B2OC(C)(C)C(O2)(C)C)C(F)(F)F
c1cc(C)c2nc(C)[nH]c2c1,N=1C=2C(=CC(=CC2C)B3OC(C)(C)C(O3)(C)C)NC1C
c1cc(C(=O)N(C(C)C)C(C)C)ccc1F,O=C(C1=CC=C(F)C(=C1)B2OC(C)(C)C(O2)(C)C)N(C(C)C)C(C)C
c1cccc(-c2ccccc2)c1NC(=O)C(C)(C)C,O=C(NC=1C(=CC=CC1C=2C=CC=CC2)B3OC(C)(C)C(O3)(C)C)C(C)(C)C
C1CCN(C(=O)OC(C)(C)C)C1,O=C(OC(C)(C)C)N1CCC(B2OC(C)(C)C(O2)(C)C)C1
c1cc(O[Si](C)(C)C(C)(C)C)ccc1NC(=O)C(C)(C)C,O=C(NC1=CC=C(O[Si](C)(C)C(C)(C)C)C=C1B2OC(C)(C)C(O2)(C)C)C(C)(C)C
c1cc2ccccc2o1,O1C(=CC=2C=CC=CC12)B3OC(C)(C)C(O3)(C)C
c1cnc2cc(C(F)(F)F)ccc2c1Cl,FC(F)(F)C=1C=CC=2C(=NC=C(B3OC(C)(C)C(O3)(C)C)C2Cl)C1
c1cc(Cl)cc(N(C(=O)OC(C)(C)C)C(=O)OC(C)(C)C)c1,O=C(OC(C)(C)C)N(C(=O)OC(C)(C)C)C=1C=C(Cl)C=C(C1)B2OC(C)(C)C(O2)(C)C
c1cc(I)ccc1C#N,N#CC1=CC=C(I)C=C1B2OC(C)(C)C(O2)(C)C
c1ccc(N2CCOCC2)cc1SC,O1B(OC(C)(C)C1(C)C)C2=CC=C(C=C2SC)N3CCOCC3
c1ccc(OC)c2c1c(C(=O)C(C)(C)C)cn2S(=O)(=O)c1ccc(C)cc1,O=C(C1=CN(C=2C(OC)=CC=C(B3OC(C)(C)C(O3)(C)C)C12)S(=O)(=O)C4=CC=C(C=C4)C)C(C)(C)C
c1cc(NC(C)=O)ccc1C#N,N#CC1=CC=C(C=C1B2OC(C)(C)C(O2)(C)C)NC(=O)C
c1ccc(OC)c(P(=O)(C2CCCCC2)C2CCCCC2)c1,O=P(C1=CC(=CC=C1OC)B2OC(C)(C)C(O2)(C)C)(C3CCCCC3)C4CCCCC4
c1ccc(F)c2ccn(C(=O)C(C)(C)C)c12,O=C(N1C=CC=2C(F)=CC=C(B3OC(C)(C)C(O3)(C)C)C21)C(C)(C)C
c1cc(-c2ccc3sc4ccccc4c3c2)cc2c1c(C(=O)C(C)(C)C)cn2S(=O)(=O)c1ccc(C)cc1,O=C(C1=CN(C=2C=C(C=C(B3OC(C)(C)C(O3)(C)C)C12)C4=CC=C5SC=6C=CC=CC6C5=C4)S(=O)(=O)C7=CC=C(C=C7)C)C(C)(C)C
c1ccc(C(F)(F)F)c(CNC(=O)C(C)(C)C)c1,O=C(NCC1=CC(=CC=C1C(F)(F)F)B2OC(C)(C)C(O2)(C)C)C(C)(C)C
c1cc(C(C)(C)C)ccc1C(=O)NCc1ccccc1,O=C(NCC=1C=CC=CC1)C2=CC=C(C=C2B3OC(C)(C)C(O3)(C)C)C(C)(C)C
c1cc(SC)ccc1OC,O(C1=CC=C(SC)C=C1B2OC(C)(C)C(O2)(C)C)C
C1CCC1(CC1CCOCC1)C(=O)Nc1c(F)c(F)c(C(F)(F)F)c(F)c1F,O=C(NC1=C(F)C(F)=C(C(F)=C1F)C(F)(F)F)C2(CCC2B3OC(C)(C)C(O3)(C)C)CC4CCOCC4
c1cc(C)cc(C=O)c1,O=CC=1C=C(C=C(C1)C)B2OC(C)(C)C(O2)(C)C
c1cccc2c3c([nH]c12)CCC3,O1B(OC(C)(C)C1(C)C)C2=CC=CC3=C2NC4=C3CCC4
c1cc(C=Cc2ccccc2)cc2c1c(C(=O)C(C)(C)C)cn2S(=O)(=O)c1ccc(C)cc1,O=C(C1=CN(C=2C=C(C=CC=3C=CC=CC3)C=C(B4OC(C)(C)C(O4)(C)C)C12)S(=O)(=O)C5=CC=C(C=C5)C)C(C)(C)C
c1cc(C=O)ccc1C#N,N#CC1=CC=C(C=O)C=C1B2OC(C)(C)C(O2)(C)C
c1cc(OC)c(OC)c(C(=O)N(C(C)C)C(C)C)c1,O=C(C1=CC(=CC(OC)=C1OC)B2OC(C)(C)C(O2)(C)C)N(C(C)C)C(C)C
c1ccc2c(C)cn([Si](C(C)C)(C(C)C)C(C)C)c2c1,O1B(OC(C)(C)C1(C)C)C=2C=CC3=C(C2)N(C=C3C)[Si](C(C)C)(C(C)C)C(C)C
c1cc(F)ccc1NC(=O)C(C)(C)C,O=C(NC1=CC=C(F)C=C1B2OC(C)(C)C(O2)(C)C)C(C)(C)C
c1ccc(C(=O)OCC)c(Cl)c1,O=C(OCC)C1=CC=C(C=C1Cl)B2OC(C)(C)C(O2)(C)C
c1ccc(C(=O)OCC)cc1F,O=C(OCC)C1=CC=C(B2OC(C)(C)C(O2)(C)C)C(F)=C1
c1ccc2c(CCO[Si](C)(C)C(C)(C)C)cn([Si](C(C)C)(C(C)C)C(C)C)c2c1,O1B(OC(C)(C)C1(C)C)C=2C=CC3=C(C2)N(C=C3CCO[Si](C)(C)C(C)(C)C)[Si](C(C)C)(C(C)C)C(C)C
c1ccc(OC)c(C)c1,O(C1=CC=C(C=C1C)B2OC(C)(C)C(O2)(C)C)C
c1ccc(C)c(C=O)c1,O=CC1=CC(=CC=C1C)B2OC(C)(C)C(O2)(C)C
c1cc(C(=O)N(C(C)C)C(C)C)nc(C(=O)N(C(C)C)C(C)C)c1,O=C(C=1N=C(C=C(C1)B2OC(C)(C)C(O2)(C)C)C(=O)N(C(C)C)C(C)C)N(C(C)C)C(C)C
c1ccc(OC)cc1C(=O)Nc1c(F)c(F)c(C(F)(F)F)c(F)c1F,O=C(NC1=C(F)C(F)=C(C(F)=C1F)C(F)(F)F)C2=CC(OC)=CC=C2B3OC(C)(C)C(O3)(C)C
c1ccc(OC)cc1C(=O)NCc1ccccc1,O=C(NCC=1C=CC=CC1)C2=CC(OC)=CC=C2B3OC(C)(C)C(O3)(C)C
c1ccc(OC)c(OC)c1,O(C1=CC=C(C=C1OC)B2OC(C)(C)C(O2)(C)C)C
c1cc(Cl)ccc1NC(=O)C(C)(C)C,O=C(NC1=CC=C(Cl)C=C1B2OC(C)(C)C(O2)(C)C)C(C)(C)C
c1cc(C)cc(C)n1,N=1C(=CC(=CC1C)C)B2OC(C)(C)C(O2)(C)C
c1cc(C=O)ccc1Cl,O=CC1=CC=C(Cl)C(=C1)B2OC(C)(C)C(O2)(C)C
c1cc(Br)cnc1C#N,N#CC1=NC=C(Br)C=C1B2OC(C)(C)C(O2)(C)C
c1ccc(-c2ccc(C)cc2)c(CCCNC(=O)C(F)(F)F)c1,O=C(NCCCC1=CC(=CC=C1C=2C=CC(=CC2)C)B3OC(C)(C)C(O3)(C)C)C(F)(F)F
c1cc(C(=O)N(C(C)C)C(C)C)ccc1C#N,N#CC1=CC=C(C=C1B2OC(C)(C)C(O2)(C)C)C(=O)N(C(C)C)C(C)C
c1cc(Cl)ccc1NC(=O)OC(C)(C)C,O=C(OC(C)(C)C)NC1=CC=C(Cl)C=C1B2OC(C)(C)C(O2)(C)C
c1ccc(C)cc1F,FC1=CC(=CC=C1B2OC(C)(C)C(O2)(C)C)C
c1cccc(F)c1C=NN(C)C,FC1=CC=CC(B2OC(C)(C)C(O2)(C)C)=C1C=NN(C)C
c1cccc(P(=O)(N(CC)CC)N(CC)CC)c1,O=P(C=1C=CC=C(C1)B2OC(C)(C)C(O2)(C)C)(N(CC)CC)N(CC)CC
c1cccc(N(C)C(C)=O)c1,O=C(N(C=1C=CC=C(C1)B2OC(C)(C)C(O2)(C)C)C)C
c1cc(OC(=O)N(C)C)c(Cl)cc1NC(=O)OC(C)(C)C,O=C(OC(C)(C)C)NC1=CC(Cl)=C(OC(=O)N(C)C)C=C1B2OC(C)(C)C(O2)(C)C
c1cc2c3c(cccc3c1-c1nccc3ccccc13)CC2,N=1C=CC=2C=CC=CC2C1C=3C(=CC4=C5C3C=CC=C5CC4)B6OC(C)(C)C(O6)(C)C
c1ccc(N(C)C)c(C)c1,O1B(OC(C)(C)C1(C)C)C2=CC=C(C(=C2)C)N(C)C
c1c(Br)ccc2c1c(C(=O)C(C)(C)C)cn2S(=O)(=O)c1ccc(C)cc1,O=C(C1=CN(C2=CC=C(Br)C(B3OC(C)(C)C(O3)(C)C)=C12)S(=O)(=O)C4=CC=C(C=C4)C)C(C)(C)C
c1cc(Cl)c(C(=O)OCC)c(Cl)c1,O=C(OCC)C1=C(Cl)C=C(C=C1Cl)B2OC(C)(C)C(O2)(C)C
c1ccc(C#N)c2cc[nH]c12,N#CC1=CC=C(B2OC(C)(C)C(O2)(C)C)C=3NC=CC13
c1cc(F)ccc1O,FC1=CC=C(O)C(=C1)B2OC(C)(C)C(O2)(C)C
c1cccc(C(=O)N(C)C(C)(C)C)c1,O=C(C=1C=CC=C(C1)B2OC(C)(C)C(O2)(C)C)N(C)C(C)(C)C
C1CCC1(CN1C(=O)c2ccccc2C1=O)C(=O)Nc1c(F)c(F)c(C(F)(F)F)c(F)c1F,O=C1C=2C=CC=CC2C(=O)N1CC3(C(=O)NC4=C(F)C(F)=C(C(F)=C4F)C(F)(F)F)CCC3B5OC(C)(C)C(O5)(C)C
c1cc(C(C)C)cc(C(C)C)c1,O1B(OC(C)(C)C1(C)C)C=2C=C(C=C(C2)C(C)C)C(C)C
c1cc(SC)cc(C2OCCO2)c1,O1B(OC(C)(C)C1(C)C)C2=CC(SC)=CC(=C2)C3OCCO3
c1cccc(C(=O)N(CCCC)CCCC)c1,O=C(C=1C=CC=C(C1)B2OC(C)(C)C(O2)(C)C)N(CCCC)CCCC
c1ccc(N(C)C)cc1,O1B(OC(C)(C)C1(C)C)C2=CC=C(C=C2)N(C)C
c1cc(C(F)(F)F)ccc1C=O,O=CC1=CC=C(C=C1B2OC(C)(C)C(O2)(C)C)C(F)(F)F
c1cc(C)cc(C)c1,O1B(OC(C)(C)C1(C)C)C=2C=C(C=C(C2)C)C
c1cccc(C[SiH](C)C)c1F,FC=1C(=CC=CC1C[SiH](C)C)B2OC(C)(C)C(O2)(C)C
C1CCC1(CCc1ccc(Cl)cc1)C(=O)Nc1c(F)c(F)c(C(F)(F)F)c(F)c1F,O=C(NC1=C(F)C(F)=C(C(F)=C1F)C(F)(F)F)C2(CCC3=CC=C(Cl)C=C3)CCC2B4OC(C)(C)C(O4)(C)C
c1cc(Cl)cc2cc(C(=O)OCC)[nH]c12,O=C(OCC)C1=CC=2C=C(Cl)C=C(B3OC(C)(C)C(O3)(C)C)C2N1
c1cc(C=O)cc(OC)c1,O=CC1=CC(OC)=CC(=C1)B2OC(C)(C)C(O2)(C)C
c1c(C)ccc2ccn(C(=O)C(C)(C)C)c12,O=C(N1C=CC=2C=CC(=C(B3OC(C)(C)C(O3)(C)C)C21)C)C(C)(C)C
c1ccc(C(F)(F)F)c(CCCNC(=O)C(F)(F)F)c1,O=C(NCCCC1=CC(=CC=C1C(F)(F)F)B2OC(C)(C)C(O2)(C)C)C(F)(F)F
c1cccc2nc(C)oc12,N1=C(OC2=C1C=CC=C2B3OC(C)(C)C(O3)(C)C)C
c1cc(OC)ccc1SC,O(C1=CC=C(SC)C(=C1)B2OC(C)(C)C(O2)(C)C)C
c1cc2ccccc2cc1C(=O)NCc1ccccc1,O=C(NCC=1C=CC=CC1)C2=CC=3C=CC=CC3C=C2B4OC(C)(C)C(O4)(C)C
c1ccc(C(F)(F)F)cc1F,FC1=CC(=CC=C1B2OC(C)(C)C(O2)(C)C)C(F)(F)F
c1ccc(C2(C(=O)OCCN(CC)CC)CCCC2)cc1,O=C(OCCN(CC)CC)C1(C2=CC=C(C=C2)B3OC(C)(C)C(O3)(C)C)CCCC1
